pmid,year,title,journal,screen_reason,url
42542970,2026,Treatment of Hot Flashes in Men With Prostate Cancer Undergoing Androgen Deprivation Therapy.,The Prostate,off-topic sense of 'flash': hot flash,https://pubmed.ncbi.nlm.nih.gov/42542970/
42489217,2026,Flash Production of High-Purity V3.5+ Electrolyte via Electron Beam-Induced Radiolysis Under Ambient Conditions.,Angewandte Chemie (International ed. in English),off-topic sense of 'flash': vanadium electroly,https://pubmed.ncbi.nlm.nih.gov/42489217/
42488993,2026,Triplet Energy Transfer Strategy for Visible Light Activation of Bio-Based Oxime Esters in Photopolymerization and 3D Printing.,"Small (Weinheim an der Bergstrasse, Germany)",off-topic title subject: photopolymeri,https://pubmed.ncbi.nlm.nih.gov/42488993/
42468558,2026,Evaluation of skin dose robustness in breast radiotherapy using VMAT planning technique: a phantom-based surface dosimetry study.,Physics in medicine and biology,aperture/planning 'flash': skin-flash,https://pubmed.ncbi.nlm.nih.gov/42468558/
42464094,2026,Photographic Physi-Luminescence Assay Based on a Persistent Luminescence Nanoprobe.,Analytical chemistry,off-topic title subject: persistent luminescence,https://pubmed.ncbi.nlm.nih.gov/42464094/
42417365,2026,Tuning the size and defect chemistry of TiO2via flash nanoprecipitation for enhanced photocatalytic antibacterial activity.,Nanoscale,no radiation signal + off-topic term: nanoprecipitation,https://pubmed.ncbi.nlm.nih.gov/42417365/
42240139,2026,Trapped Cycloadducts of 1-Azabutadienes via Microwave-Assisted Ring Opening of N-Acyl-2-azetines.,The Journal of organic chemistry,off-topic sense of 'flash': flash vacuum pyrolysis,https://pubmed.ncbi.nlm.nih.gov/42240139/
42175777,2026,Flash electropolishing for TEM: Reducing FIB-induced defects in tungsten with protocols for new materials.,Journal of microscopy,curator override: manually excluded,https://pubmed.ncbi.nlm.nih.gov/42175777/
42169279,2026,Inactivating Bacillus cereus spores with pulsed light: roles of thermal and reactive oxygen species-mediated mechanisms.,"Food research international (Ottawa, Ont.)",no ultra-high-dose-rate signature (rad signal=0),https://pubmed.ncbi.nlm.nih.gov/42169279/
42116264,2026,Simultaneous Substrate Debonding and Device Annealing of Flexible a-IGZO Thin-Film Transistors on Colorless Polyimide via Single-Shot Xenon Flash Lamp Irradiation.,Small methods,no radiation signal + off-topic term: transistor,https://pubmed.ncbi.nlm.nih.gov/42116264/
42035343,2026,"Photofracking-Assisted Enhancement of Solid-State Photochemical Reactivity: α-Azido-5-phenyl-2,4-dienoate Derivatives.",Journal of the American Chemical Society,no radiation signal + off-topic term: photochem,https://pubmed.ncbi.nlm.nih.gov/42035343/
42005259,2026,Robustness Comparison of the Virtual Bolus Method and Robust Optimization in Postmastectomy Radiation Therapy Using Volumetric Modulated Arc Therapy.,Cureus,off-topic sense of 'flash': virtual bolus,https://pubmed.ncbi.nlm.nih.gov/42005259/
41966138,2026,Alizarin-based soybean oil materials for the synthesis of 3D-photoprinted objects with efficient antibacterial properties.,Journal of materials chemistry. B,no ultra-high-dose-rate signature (rad signal=0),https://pubmed.ncbi.nlm.nih.gov/41966138/
41935687,2026,A Practical Distributed Virtual Bolus Strategy for Motion-Robust Superficial Dose Delivery in Breast Volumetric Modulated Arc Therapy.,Practical radiation oncology,off-topic sense of 'flash': virtual bolus,https://pubmed.ncbi.nlm.nih.gov/41935687/
41919639,2026,High-Speed Detection of X-ray Pulses Using a Digital Counter Coupled with Perovskite Composite Scintillators.,ACS applied materials & interfaces,off-topic title subject: perovskite,https://pubmed.ncbi.nlm.nih.gov/41919639/
41883889,2026,"Timing and Resolution of Bothersome Hot Flashes Following Short Course Oral Gonadotropin-Releasing Hormone Receptor Antagonist Relugolix, and Stereotactic Body Radiotherapy for Localized Prostate Cancer.",Cureus,off-topic sense of 'flash': hot flash,https://pubmed.ncbi.nlm.nih.gov/41883889/
41773713,2026,"Dosimetric effects of internal margin, auto flash, and virtual bolus in VMAT-based whole-breast radiotherapy under motion variations.",Journal of applied clinical medical physics,off-topic sense of 'flash': virtual bolus,https://pubmed.ncbi.nlm.nih.gov/41773713/
41713287,2026,Oxalic acid alters electron-transfer chain reactions of photoexcited humic acid and generates both oxidative/reductive radicals.,Water research,no radiation signal + off-topic term: photochem,https://pubmed.ncbi.nlm.nih.gov/41713287/
41658581,2026,Editorial: Innovative approaches in precision radiation oncology.,Frontiers in medicine,no ultra-high-dose-rate signature (rad signal=1),https://pubmed.ncbi.nlm.nih.gov/41658581/
41656965,2026,Optimizing breast and chest wall treatment planning: Integrating dynamic collimator rotation with static-angle modulated ports in VMAT radiotherapy.,Journal of applied clinical medical physics,aperture/planning 'flash': skin flash,https://pubmed.ncbi.nlm.nih.gov/41656965/
41571671,2026,Ultrathin liquid cells for microsecond time-resolved cryo-EM.,Nature communications,off-topic title subject: cryo-em,https://pubmed.ncbi.nlm.nih.gov/41571671/
41419026,2026,Large language models for toxicity extraction in oncology trials: A real-world benchmark in prostate radiotherapy.,Radiotherapy and oncology : journal of the European Society for Therapeutic Radiology and Oncology,no ultra-high-dose-rate signature (rad signal=1),https://pubmed.ncbi.nlm.nih.gov/41419026/
41202922,2026,"""Current Use and Clinical Applications of Intraoperative Radiotherapy in Soft Tissue Sarcomas: Insights from a National Survey in Spain"".",Cirugia espanola,no ultra-high-dose-rate signature (rad signal=1),https://pubmed.ncbi.nlm.nih.gov/41202922/
41477291,2025,"Editorial: 2nd collection of special issue in innovations, advances, and challenges in precision radiation oncology physics.",Precision radiation oncology,no ultra-high-dose-rate signature (rad signal=1),https://pubmed.ncbi.nlm.nih.gov/41477291/
41228642,2025,Porphyrin-Based Bio-Sourced Materials for Water Depollution Under Light Exposure.,Polymers,no ultra-high-dose-rate signature (rad signal=0),https://pubmed.ncbi.nlm.nih.gov/41228642/
41208608,2025,Excited-State Proton Transfer in Push-Pull N-Methyl Pyridium Reversible Super-Photoacids Ruled by Intramolecular Hydrogen-Bond-Like Interactions.,"Chemistry (Weinheim an der Bergstrasse, Germany)",no radiation signal + off-topic term: photocatal,https://pubmed.ncbi.nlm.nih.gov/41208608/
41200838,2025,C3-Symmetric Borabuckybowl Featuring a Pyramidal-like sp2 Boron Atom for Advanced Electronics and Optical Functions.,Journal of the American Chemical Society,no radiation signal + off-topic term: borabuckybowl,https://pubmed.ncbi.nlm.nih.gov/41200838/
41065312,2025,RTPhy-ChatBot: A RAG-Based intelligent assistant for radiotherapy physics using LLaMA3 and AAPM reports.,Journal of applied clinical medical physics,no ultra-high-dose-rate signature (rad signal=1),https://pubmed.ncbi.nlm.nih.gov/41065312/
41043172,2025,Mechanistic Insights into Photocatalytic Reduction and Triplet Sensitization of 4-Azido-1-phenylbutan-1-ones to Selectively Form 2-Phenyl-1-pyrrolines.,The Journal of organic chemistry,no radiation signal + off-topic term: photocatal,https://pubmed.ncbi.nlm.nih.gov/41043172/
40874144,2025,Photochemical reaction of 4-chlorobiphenyl with nitrous acid in atmospheric aqueous solution.,RSC advances,no radiation signal + off-topic term: photochem,https://pubmed.ncbi.nlm.nih.gov/40874144/
40852772,2025,Photo-thermal Catalytic CO2 Methanation by RuOx@MIL-101(Cr) with 9.2% Apparent Quantum Yield under Visible Light Irradiation.,ACS applied materials & interfaces,no radiation signal + off-topic term: photocatal,https://pubmed.ncbi.nlm.nih.gov/40852772/
40772667,2025,Deep Eutectic Solvent Binder Facilitating Reaction Kinetics of Lithium Sulfur Batteries.,Angewandte Chemie (International ed. in English),off-topic title subject: lithium sulfur,https://pubmed.ncbi.nlm.nih.gov/40772667/
40728046,2025,Cyanomethanesulfinyl Radical: Photoisomerization and Thermal Decomposition Reactions.,The journal of physical chemistry. A,off-topic title subject: photoisomeri,https://pubmed.ncbi.nlm.nih.gov/40728046/
40698312,2025,Performance evaluation of a new automated skin flash method for radiotherapy of breast cancer.,Physics and imaging in radiation oncology,off-topic sense of 'flash': virtual bolus,https://pubmed.ncbi.nlm.nih.gov/40698312/
40677017,2025,Graphdiyne Production in a Flash: High-Yield Direct Synthesis by Electron Beam Irradiation.,"Advanced materials (Deerfield Beach, Fla.)",off-topic title subject: graphdiyne,https://pubmed.ncbi.nlm.nih.gov/40677017/
40654775,2025,Ultrathin Liquid Cells for Microsecond Time-Resolved Cryo-EM.,bioRxiv : the preprint server for biology,off-topic title subject: cryo-em,https://pubmed.ncbi.nlm.nih.gov/40654775/
40619678,2025,Preparation and Photochemistry of Hydroxy Isocyanate.,The journal of physical chemistry. A,off-topic sense of 'flash': flash vacuum pyrolysis,https://pubmed.ncbi.nlm.nih.gov/40619678/
40561642,2025,The current practice of volumetric modulated arc therapy for breast cancer in Europe - A survey by the EFOMP VMAT breast working group.,Physica medica : PM : an international journal devoted to the applications of physics to medicine and biology : official journal of the Italian Association of Biomedical Physics (AIFB),aperture/planning 'flash': auto flash,https://pubmed.ncbi.nlm.nih.gov/40561642/
40503425,2025,Optimizing Breast Cancer Radiation therapy With Volumetric Modulated Arc Therapy and Skin Flash: A Case Study Using Deep Inspiration Breath Hold and Cherenkov Imaging.,Advances in radiation oncology,curator override: manually excluded,https://pubmed.ncbi.nlm.nih.gov/40503425/
40423465,2025,Overlooked Photochemical Risk of Antimicrobial Fragrances: Formation of Potent Allergens and Their Mechanistic Pathways.,Toxics,no radiation signal + off-topic term: photochem,https://pubmed.ncbi.nlm.nih.gov/40423465/
40305916,2025,Photochemical transformation of the uricosuric drug benzbromarone in aqueous solutions exposed to UV irradiation.,Water research,no radiation signal + off-topic term: chromatograph,https://pubmed.ncbi.nlm.nih.gov/40305916/
40230284,2025,Selective and local flash-annealing for improvement in the contact characteristics of MoS2 transistors.,Nanoscale,no radiation signal + off-topic term: flash-anneal,https://pubmed.ncbi.nlm.nih.gov/40230284/
40195824,2025,Strain-Assisted Large-Scale 1T-MoS2 Synthesis and its Optical Synaptic Flash Memory Application.,Small methods,off-topic sense of 'flash': flash memory,https://pubmed.ncbi.nlm.nih.gov/40195824/
40080416,2025,Photoinduced Electron Transfer in Ruthenium-Polypyridyl-Modified Laccases: Probing Pathways From the Surface to the Metal Centers.,"Chemistry (Weinheim an der Bergstrasse, Germany)",no radiation signal + off-topic term: photocatal,https://pubmed.ncbi.nlm.nih.gov/40080416/
40062441,2025,A robust planning approach for respiratory motion in accelerated partial breast irradiation using volumetric modulated arc therapy.,Journal of radiation research,off-topic sense of 'flash': virtual bolus,https://pubmed.ncbi.nlm.nih.gov/40062441/
40012189,2025,Temperature-Dependent Photoreactivity of 2-Azidomethylbenzophenone: Insights into the Triplet Imine Biradical Pathway.,The Journal of organic chemistry,off-topic sense of 'flash': flash photolysis of,https://pubmed.ncbi.nlm.nih.gov/40012189/
39704603,2025,Lignin Derivative as Visible-Light Photo-Initiating System for the Development of Biocide Materials under Light Irradiation.,Macromolecular rapid communications,no ultra-high-dose-rate signature (rad signal=0),https://pubmed.ncbi.nlm.nih.gov/39704603/
39676056,2025,Luminescence and Generation of Reactive Oxygen Species in Solution by Ta6Br12 Clusters.,"Chemistry (Weinheim an der Bergstrasse, Germany)",no ultra-high-dose-rate signature (rad signal=0),https://pubmed.ncbi.nlm.nih.gov/39676056/
39637690,2025,Direct and indirect photolysis of oxolinic acid in surface waters and its inhibition by antioxidant effects.,Water research,no radiation signal + off-topic term: photochem,https://pubmed.ncbi.nlm.nih.gov/39637690/
39629499,2025,"Flashlight-induced Ultrafast, Scalable Surface Activation of Highly Loaded Graphite Composite Anode.",Small methods,no ultra-high-dose-rate signature (rad signal=0),https://pubmed.ncbi.nlm.nih.gov/39629499/
39657062,2024,Influence of Curvature on the Physical Properties and Reactivity of Triplet Corannulene Nitrene.,Journal of the American Chemical Society,off-topic sense of 'flash': flash photolysis of,https://pubmed.ncbi.nlm.nih.gov/39657062/
39596539,2024,Multi-Spectroscopic and Molecular Modeling Studies of Interactions Between Anionic Porphyrin and Human Serum Albumin.,International journal of molecular sciences,no ultra-high-dose-rate signature (rad signal=1),https://pubmed.ncbi.nlm.nih.gov/39596539/
39395671,2024,Transit-guided radiation therapy: a novel patient monitoring approach.,Radiotherapy and oncology : journal of the European Society for Therapeutic Radiology and Oncology,aperture/planning 'flash': skin-flash,https://pubmed.ncbi.nlm.nih.gov/39395671/
39390822,2024,A Near-Infrared Retinomorphic Device with High Dimensionality Reservoir Expression.,"Advanced materials (Deerfield Beach, Fla.)",no ultra-high-dose-rate signature (rad signal=0),https://pubmed.ncbi.nlm.nih.gov/39390822/
39388608,2024,ATRP with ppb Concentrations of Photocatalysts.,Journal of the American Chemical Society,no radiation signal + off-topic term: photocatal,https://pubmed.ncbi.nlm.nih.gov/39388608/
39372821,2024,Non-Islet-Cell Tumor Hypoglycemia Secondary to Malignant Phyllodes Tumor of the Breast.,AACE clinical case reports,off-topic sense of 'flash': flash glucose,https://pubmed.ncbi.nlm.nih.gov/39372821/
39343181,2024,"Enantioselectively generating imidazolone dIz by the chiral DNA intercalating and ""light-switching"" Ru(II) polypyridyl complex via a novel flash-quench method.",Free radical biology & medicine,no ultra-high-dose-rate signature (rad signal=0),https://pubmed.ncbi.nlm.nih.gov/39343181/
38993192,2024,Intensity Modulated Therapy for Patients With Breast Cancer. Practical Guidelines and Tips for an Effective Treatment Planning Strategy.,Advances in radiation oncology,aperture/planning 'flash': skin flash,https://pubmed.ncbi.nlm.nih.gov/38993192/
38927940,2024,Extracellular Vesicle- and Mitochondria-Based Targeting of Non-Small Cell Lung Cancer Response to Radiation: Challenges and Perspectives.,Cancers,no ultra-high-dose-rate signature (rad signal=1),https://pubmed.ncbi.nlm.nih.gov/38927940/
38904446,2024,Optical Control of TRPV1 Channels In Vitro with Tethered Photopharmacology.,ACS chemical biology,no ultra-high-dose-rate signature (rad signal=0),https://pubmed.ncbi.nlm.nih.gov/38904446/
38748890,2024,Unusual Photochemistry in Aromatic Dithioimides: Quantitative Thione Reduction Promoted by Ether Solvents.,"Chemistry (Weinheim an der Bergstrasse, Germany)",no radiation signal + off-topic term: photochem,https://pubmed.ncbi.nlm.nih.gov/38748890/
38717956,2024,"α-Cleavage of 2,2-Diazido-2,3-dihydroinden-1-one in Solution and Cryogenic Matrices.",The Journal of organic chemistry,off-topic sense of 'flash': flash photolysis of,https://pubmed.ncbi.nlm.nih.gov/38717956/
38715719,2024,Impact of Additive Manufacturing Materials on Thermal Performance of Silicon Reference Cells.,"Solar energy (Phoenix, Ariz.)",no ultra-high-dose-rate signature (rad signal=0),https://pubmed.ncbi.nlm.nih.gov/38715719/
38678708,2024,Photochemical Transformation of Monochloramine Induced by Triplet State Dissolved Organic Matter.,Journal of hazardous materials,no radiation signal + off-topic term: photochem,https://pubmed.ncbi.nlm.nih.gov/38678708/
38630982,2024,High-resolution 3T to 7T ADC map synthesis with a hybrid CNN-transformer model.,Medical physics,no ultra-high-dose-rate signature (rad signal=1),https://pubmed.ncbi.nlm.nih.gov/38630982/
38586683,2024,Bothersome Hot Flashes Following Neoadjuvant Androgen Deprivation Therapy and Stereotactic Body Radiotherapy for Localized Prostate Cancer.,Cureus,off-topic sense of 'flash': hot flash,https://pubmed.ncbi.nlm.nih.gov/38586683/
38575649,2024,Flash healing of laser-induced graphene.,Nature communications,off-topic sense of 'flash': flash joule,https://pubmed.ncbi.nlm.nih.gov/38575649/
38559724,2024,Weak-Field Electro-Flash Induced Asymmetric Catalytic Sites toward Efficient Solar Hydrogen Peroxide Production.,JACS Au,no radiation signal + off-topic term: photocatal,https://pubmed.ncbi.nlm.nih.gov/38559724/
38545689,2024,"Photocatalytic CO2 Reduction Using an Osmium Complex as a Panchromatic Self-Photosensitized Catalyst: Utilization of Blue, Green, and Red Light.",Angewandte Chemie (International ed. in English),no ultra-high-dose-rate signature (rad signal=1),https://pubmed.ncbi.nlm.nih.gov/38545689/
38527876,2024,Degradation behaviors of Nabumetone and its metabolite during UV/monochloramine process: Experimental and theoretical study.,Journal of environmental sciences (China),no ultra-high-dose-rate signature (rad signal=0),https://pubmed.ncbi.nlm.nih.gov/38527876/
38335063,2024,Evaluating Mass Spectrometry-Based Hydroxyl Radical Protein Footprinting of a Benchtop Flash Oxidation System against a Synchrotron X-ray Beamline.,Journal of the American Society for Mass Spectrometry,no ultra-high-dose-rate signature (rad signal=0),https://pubmed.ncbi.nlm.nih.gov/38335063/
38332814,2024,Overall reaction mechanism of photocatalytic CO2 reduction on a Re(i)-complex catalyst unit of a Ru(ii)-Re(i) supramolecular photocatalyst.,Chemical science,no radiation signal + off-topic term: photocatal,https://pubmed.ncbi.nlm.nih.gov/38332814/
38290656,2024,Ketoprofen products induced photosensitization of sulfonamide antibiotics: The cocktail effects of pharmaceutical mixtures on their photodegradation.,"Environmental pollution (Barking, Essex : 1987)",no radiation signal + off-topic term: photochem,https://pubmed.ncbi.nlm.nih.gov/38290656/
38272325,2024,Photosensitized isomerization of resveratrol: Evaluation of energy and electron transfer pathways.,Free radical biology & medicine,no ultra-high-dose-rate signature (rad signal=0),https://pubmed.ncbi.nlm.nih.gov/38272325/
38265521,2024,Evaluation of robustness of optimization methods in breast intensity-modulated radiation therapy using TomoTherapy.,Physical and engineering sciences in medicine,off-topic sense of 'flash': virtual bolus,https://pubmed.ncbi.nlm.nih.gov/38265521/
38202842,2024,Thioxanthone-Based Siloxane Photosensitizer for Cationic/Radical Photopolymerization and Photoinduced Sol-Gel Reactions.,"Molecules (Basel, Switzerland)",off-topic title subject: photopolymeri,https://pubmed.ncbi.nlm.nih.gov/38202842/
38168121,2024,"Structure, optical properties, TD-DFT simulations for nanosecond and continuous laser irradiation of vanadium antimony borate glass doped with nickel ferrite.",Scientific reports,no ultra-high-dose-rate signature (rad signal=0),https://pubmed.ncbi.nlm.nih.gov/38168121/
38071257,2024,Transmission electron microscopic study of the surface layer of surgical resected disc specimens in human temporomandibular joint.,Medical molecular morphology,off-topic title subject: transmission electron microsc,https://pubmed.ncbi.nlm.nih.gov/38071257/
37775645,2024,"Restoration of vision by combined experimental antithymocyte therapy, and orbital radiation with high-dose steroids for severe, acute, steroid-refractory, congestive thyroid orbitopathy.",Documenta ophthalmologica. Advances in ophthalmology,no ultra-high-dose-rate signature (rad signal=1),https://pubmed.ncbi.nlm.nih.gov/37775645/
38063135,2023,"3-Fluoro-2H-azirine: Generation, Characterization, and Photochemistry.",The journal of physical chemistry. A,no radiation signal + off-topic term: photochem,https://pubmed.ncbi.nlm.nih.gov/38063135/
38031125,2023,"Quality assurance in a phase III, multicenter, randomized trial of POstmastectomy radioThErapy in Node posiTive breast cancer with or without Internal mAmmary nodaL irradiation (POTENTIAL): a planning benchmark case.","Radiation oncology (London, England)",aperture/planning 'flash': skin flash,https://pubmed.ncbi.nlm.nih.gov/38031125/
38023210,2023,Robustness of hypofractionated breast radiotherapy after breast-conserving surgery with free breathing.,Frontiers in oncology,aperture/planning 'flash': skin flash,https://pubmed.ncbi.nlm.nih.gov/38023210/
37998531,2023,Comparative Study of Plan Robustness for Breast Radiotherapy: Volumetric Modulated Arc Therapy Plans with Robust Optimization versus Manual Flash Approach.,"Diagnostics (Basel, Switzerland)",aperture/planning 'flash': manual flash,https://pubmed.ncbi.nlm.nih.gov/37998531/
37939705,2023,"Unraveling the Solid-State Photoreactivity of Carbonylbis(4,1-Phenylene)dicarbonazidate with Laser Flash Photolysis.",The journal of physical chemistry. A,off-topic sense of 'flash': flash photolysis of,https://pubmed.ncbi.nlm.nih.gov/37939705/
37828716,2023,Solid lipid nanoparticles of lutein with improved dissolution behavior and oral absorption.,Pharmaceutical development and technology,no radiation signal + off-topic term: nanoprecipitation,https://pubmed.ncbi.nlm.nih.gov/37828716/
37809274,2023,Retrospective Analysis of the Areas Responsible for Light Flash and Odor During Proton Beam Therapy and Photon Therapy.,Cureus,no ultra-high-dose-rate signature (rad signal=1),https://pubmed.ncbi.nlm.nih.gov/37809274/
37793275,2023,Assessment of the PARP inhibitor talazoparib photosafety profile.,Biomedicine & pharmacotherapy = Biomedecine & pharmacotherapie,no radiation signal + off-topic term: photochem,https://pubmed.ncbi.nlm.nih.gov/37793275/
37485049,2023,Synchronization of light flash with the irradiation pulse in proton beam therapy: A case report.,Technical innovations & patient support in radiation oncology,no ultra-high-dose-rate signature (rad signal=0),https://pubmed.ncbi.nlm.nih.gov/37485049/
37460363,2023,Robust VMAT treatment planning for extremity soft tissue sarcomas.,Medical dosimetry : official journal of the American Association of Medical Dosimetrists,off-topic sense of 'flash': virtual bolus,https://pubmed.ncbi.nlm.nih.gov/37460363/
37434541,2023,Photolysis of an Archetypal Model Complex. Photooxidation Versus Photoreduction of Azido(porphinato)iron(III).,"Chemistry (Weinheim an der Bergstrasse, Germany)",no radiation signal + off-topic term: thin film,https://pubmed.ncbi.nlm.nih.gov/37434541/
37428984,2023,Photochemical Transformation of Free Chlorine Induced by Triplet State Dissolved Organic Matter.,Environmental science & technology,no radiation signal + off-topic term: photochem,https://pubmed.ncbi.nlm.nih.gov/37428984/
37408674,2023,Effect of Serelys Homme on the Incidence and Severity of Vasomotor Symptoms and Quality-of-Life Impairments in Patients Receiving Hormone Therapy and Radiation for Localized Prostate Cancer: Results of the ESCULAPE Phase 2 Prospective Study.,Advances in radiation oncology,off-topic sense of 'flash': hot flash,https://pubmed.ncbi.nlm.nih.gov/37408674/
37401827,2023,Near-infrared radiation causes sebaceous gland enlargement along with an ROS-dependent augmentation of epidermal growth factor receptor expression in hamsters.,Experimental dermatology,no ultra-high-dose-rate signature (rad signal=0),https://pubmed.ncbi.nlm.nih.gov/37401827/
37375200,2023,Effect of Low-Dose Line-Spectrum and Full-Spectrum UV on Major Humoral Components of Human Blood.,"Molecules (Basel, Switzerland)",no ultra-high-dose-rate signature (rad signal=0),https://pubmed.ncbi.nlm.nih.gov/37375200/
37374779,2023,Effect of Microwave Irradiation on the Dielectric Characteristics of Semi-Conductive Nanoparticle-Based Nanofluids: Progress towards the Microwave Synthesis.,Micromachines,no radiation signal + off-topic term: dielectric,https://pubmed.ncbi.nlm.nih.gov/37374779/
37287131,2023,Comparing brass mesh to tissue equivalent bolus materials for volumetric modulated arc therapy chest wall irradiation.,Journal of applied clinical medical physics,aperture/planning 'flash': pseudo-flash,https://pubmed.ncbi.nlm.nih.gov/37287131/
37261435,2023,FP(μ-N)2 S: A Sulfur-Pnictogen Four-Membered Ring with 6π Electrons.,"Chemistry (Weinheim an der Bergstrasse, Germany)",no ultra-high-dose-rate signature (rad signal=0),https://pubmed.ncbi.nlm.nih.gov/37261435/
37119051,2023,LBA02-09 EMBARK: A Phase 3 Randomized Study of Enzalutamide or Placebo Plus Leuprolide Acetate and Enzalutamide Monotherapy in High-risk Biochemically Recurrent Prostate Cancer.,The Journal of urology,off-topic sense of 'flash': hot flash,https://pubmed.ncbi.nlm.nih.gov/37119051/
37116146,2023,"Optimal Combination of Pitch, Modulation Factor and Dosimetric Considerations in Treatment Planning for Total Body Irradiation Using Helical Tomotherapy.",Asian Pacific journal of cancer prevention : APJCP,aperture/planning 'flash': skin flash,https://pubmed.ncbi.nlm.nih.gov/37116146/
37109863,2023,Microstructure Formation and Mechanical Properties of Metastable Titanium-Based Gradient Coating Fabricated via Intense Pulse Ion Beam Melt Mixing.,"Materials (Basel, Switzerland)",no ultra-high-dose-rate signature (rad signal=0),https://pubmed.ncbi.nlm.nih.gov/37109863/
37108745,2023,Synthesis of Bis(amino acids) Containing the Styryl-cyclobutane Core by Photosensitized [2+2]-Cross-cycloaddition of Allylidene-5(4H)-oxazolones.,International journal of molecular sciences,off-topic title subject: cycloadd,https://pubmed.ncbi.nlm.nih.gov/37108745/
37040836,2023,A new view on the mechanism of UV photodegradation of the tricyclic antidepressant carbamazepine in aqueous solutions.,Chemosphere,no ultra-high-dose-rate signature (rad signal=0),https://pubmed.ncbi.nlm.nih.gov/37040836/
37025589,2023,Editorial: 365 days of progress in radiation oncology.,Frontiers in oncology,no ultra-high-dose-rate signature (rad signal=1),https://pubmed.ncbi.nlm.nih.gov/37025589/
37018018,2023,Light-Deactivated Fluorescent Probes (FLASH-Off) for Multiplexed Imaging.,Journal of the American Chemical Society,no radiation signal + off-topic term: fluorescent probe,https://pubmed.ncbi.nlm.nih.gov/37018018/
37006681,2023,Room temperature design of Ce(iv)-MOFs: from photocatalytic HER and OER to overall water splitting under simulated sunlight irradiation.,Chemical science,no radiation signal + off-topic term: photocatal,https://pubmed.ncbi.nlm.nih.gov/37006681/
36959978,2023,A simple flash and freeze system for cryogenic time-resolved electron microscopy.,Frontiers in molecular biosciences,no ultra-high-dose-rate signature (rad signal=0),https://pubmed.ncbi.nlm.nih.gov/36959978/
36926906,2023,Excited-State Intramolecular Proton Transfer in Salicylidene-α-Hydroxy Carboxylate Derivatives: Direct Detection of the Triplet Excited State of the cis-Keto Tautomer.,The journal of physical chemistry. A,off-topic sense of 'flash': flash photolysis of,https://pubmed.ncbi.nlm.nih.gov/36926906/
36907419,2023,Assessing the photodegradation potential of compounds derived from the photoinduced weathering of polystyrene in water.,The Science of the total environment,no radiation signal + off-topic term: chromatograph,https://pubmed.ncbi.nlm.nih.gov/36907419/
36877095,2023,Selective Preparation of Phosphorus Mononitride (P≡N) from Phosphinoazide and Reversible Oxidation to Phosphinonitrene.,Angewandte Chemie (International ed. in English),no ultra-high-dose-rate signature (rad signal=0),https://pubmed.ncbi.nlm.nih.gov/36877095/
36737788,2023,Dosimetric comparison of two dose expansion methods in intensity modulated radiotherapy for breast cancer.,"Radiation oncology (London, England)",off-topic sense of 'flash': virtual bolus,https://pubmed.ncbi.nlm.nih.gov/36737788/
36658174,2023,Rapid photonic curing effects of xenon flash lamp on ITO-Ag-ITO multilayer electrodes for high throughput transparent electronics.,Scientific reports,no radiation signal + off-topic term: semiconductor,https://pubmed.ncbi.nlm.nih.gov/36658174/
36403842,2023,A new bi-radical species formed during the photochemical degradation of synthetic musk tonalide in water: Study of in-situ laser flash photolysis and validation of synthesized standard sample.,The Science of the total environment,no radiation signal + off-topic term: chromatograph,https://pubmed.ncbi.nlm.nih.gov/36403842/
36306966,2023,Ultra-short chain fluorocarboxylates exhibit wide ranging reactivity with hydrated electrons.,Chemosphere,no ultra-high-dose-rate signature (rad signal=0),https://pubmed.ncbi.nlm.nih.gov/36306966/
35652751,2023,Formation of Stilbene Azo-Dimer by Direct Irradiation of p-Azidostilbene†.,Photochemistry and photobiology,off-topic sense of 'flash': flash photolysis of,https://pubmed.ncbi.nlm.nih.gov/35652751/
36697894,2022,Spectroscopic characterization of two peroxyl radicals during the O2-oxidation of the methylthio radical.,Communications chemistry,no ultra-high-dose-rate signature (rad signal=0),https://pubmed.ncbi.nlm.nih.gov/36697894/
36615951,2022,Raman Spectroscopy and Thermoelectric Characterization of Composite Thin Films of Cu2ZnSnS4 Nanocrystals Embedded in a Conductive Polymer PEDOT:PSS.,"Nanomaterials (Basel, Switzerland)",no radiation signal + off-topic term: thin film,https://pubmed.ncbi.nlm.nih.gov/36615951/
36369691,2022,"Efficient degradation of alkyl imidazole ionic liquids in simulated sunlight irradiated periodate system: Kinetics, reaction mechanisms, and toxicity evolution.",Water research,no ultra-high-dose-rate signature (rad signal=0),https://pubmed.ncbi.nlm.nih.gov/36369691/
36319370,2022,Characteristics of the cylindrical reflex triode driven by a four-stage linear transformer driver.,The Review of scientific instruments,no ultra-high-dose-rate signature (rad signal=0),https://pubmed.ncbi.nlm.nih.gov/36319370/
36301140,2022,Preserving the Phosphoproteome of Clinical Biopsies Using a Quick-Freeze Collection Device.,Biopreservation and biobanking,no radiation signal + off-topic term: chromatograph,https://pubmed.ncbi.nlm.nih.gov/36301140/
36196410,2022,"Treatment-integrated imaging, radiomics, and personalised radiotherapy: the future is at hand.",Reports of practical oncology and radiotherapy : journal of Greatpoland Cancer Center in Poznan and Polish Society of Radiation Oncology,no ultra-high-dose-rate signature (rad signal=1),https://pubmed.ncbi.nlm.nih.gov/36196410/
36057518,2022,[Securing the information system of health care organisations].,Cancer radiotherapie : journal de la Societe francaise de radiotherapie oncologique,no ultra-high-dose-rate signature (rad signal=1),https://pubmed.ncbi.nlm.nih.gov/36057518/
36040114,2022,Photochemistry of phosphenic chloride (ClPO2): isomerization with chlorine metaphosphite (ClOPO) and reduction by carbon monoxide.,Physical chemistry chemical physics : PCCP,no radiation signal + off-topic term: photochem,https://pubmed.ncbi.nlm.nih.gov/36040114/
35897943,2022,Tandem Transesterification-Esterification Reactions Using a Hydrophilic Sulfonated Silica Catalyst for the Synthesis of Wintergreen Oil from Acetylsalicylic Acid Promoted by Microwave Irradiation.,"Molecules (Basel, Switzerland)",off-topic sense of 'flash': flash chromatograph,https://pubmed.ncbi.nlm.nih.gov/35897943/
35818297,2022,Abnormal sensation during total body irradiation: a prospective observational study.,Journal of radiation research,no ultra-high-dose-rate signature (rad signal=1),https://pubmed.ncbi.nlm.nih.gov/35818297/
35771330,2022,Sustainable eco-friendly extraction of yellow natural dye from haar singhar (Nyctanthes arbor-tritis) for bio coloration of cotton fabric.,Environmental science and pollution research international,no ultra-high-dose-rate signature (rad signal=0),https://pubmed.ncbi.nlm.nih.gov/35771330/
35771242,2022,Curtius-Type Rearrangement of Sulfinyl Azides: A Matrix Isolation and Computational Study.,The journal of physical chemistry. A,no ultra-high-dose-rate signature (rad signal=0),https://pubmed.ncbi.nlm.nih.gov/35771242/
35699397,2022,Generation and reactivity of vinyltelluryl radical.,Physical chemistry chemical physics : PCCP,no ultra-high-dose-rate signature (rad signal=0),https://pubmed.ncbi.nlm.nih.gov/35699397/
35618563,2022,"Comparing the robustness of different skin flash approaches using wide tangents, manual flash VMAT, and simulated organ motion robust optimization VMAT in breast and nodal radiotherapy.",Medical dosimetry : official journal of the American Association of Medical Dosimetrists,aperture/planning 'flash': skin flash,https://pubmed.ncbi.nlm.nih.gov/35618563/
35550969,2022,Effect of disinfection on the photoreactivity of effluent organic matter and photodegradation of organic contaminants.,Water research,no ultra-high-dose-rate signature (rad signal=0),https://pubmed.ncbi.nlm.nih.gov/35550969/
35446582,2022,Why Did Nature Choose Manganese over Cobalt to Make Oxygen Photosynthetically on the Earth?,The journal of physical chemistry. B,no ultra-high-dose-rate signature (rad signal=0),https://pubmed.ncbi.nlm.nih.gov/35446582/
35362501,2022,Fluoromethylsulfinyl radicals: spectroscopic characterization and photoisomerization via intramolecular hydrogen shift.,Physical chemistry chemical physics : PCCP,off-topic title subject: photoisomeri,https://pubmed.ncbi.nlm.nih.gov/35362501/
39635285,2022,Combining one and two photon polymerization for accelerated high performance (3 + 1)D photonic integration.,"Nanophotonics (Berlin, Germany)",no radiation signal + off-topic term: semiconductor,https://pubmed.ncbi.nlm.nih.gov/39635285/
35282612,2022,Banana split: biomass splitting with flash light irradiation.,Chemical science,no ultra-high-dose-rate signature (rad signal=0),https://pubmed.ncbi.nlm.nih.gov/35282612/
35263591,2022,Stem cell differentiation with consistent lineage commitment induced by a flash of ultrafast-laser activation in vitro and in vivo.,Cell reports,no ultra-high-dose-rate signature (rad signal=0),https://pubmed.ncbi.nlm.nih.gov/35263591/
35214991,2022,Photothermal Desorption of Toluene from Carbonaceous Substrates Using Light Flash.,"Nanomaterials (Basel, Switzerland)",no ultra-high-dose-rate signature (rad signal=0),https://pubmed.ncbi.nlm.nih.gov/35214991/
35203017,2022,Photochemical oxidation of phenols and anilines mediated by phenoxyl radicals in aqueous solution.,Water research,no radiation signal + off-topic term: photochem,https://pubmed.ncbi.nlm.nih.gov/35203017/
35143202,2022,"Stereoselective, Ruthenium-Photocatalyzed Synthesis of 1,2-Diaminotruxinic Bis-amino Acids from 4-Arylidene-5(4H)-oxazolones.",The Journal of organic chemistry,no radiation signal + off-topic term: photocatal,https://pubmed.ncbi.nlm.nih.gov/35143202/
34954366,2022,Aquatic photolysis of ketoprofen generates products with photosensitizing activity and toxicity.,Water research,no radiation signal + off-topic term: chromatograph,https://pubmed.ncbi.nlm.nih.gov/34954366/
34871596,2022,Microwave assisted biodiesel production from chicken feather meal oil using Bio-Nano Calcium oxide derived from chicken egg shell.,Environmental research,off-topic sense of 'flash': flash point,https://pubmed.ncbi.nlm.nih.gov/34871596/
34562711,2022,Insights into the hydrated electron generation from UV/aniline: Mechanism and quantum efficiency.,Chemosphere,no ultra-high-dose-rate signature (rad signal=0),https://pubmed.ncbi.nlm.nih.gov/34562711/
34503403,2022,Ultrasound-triggered imaging and drug delivery using microbubble-self-aggregate complexes.,Journal of biomaterials science. Polymer edition,no ultra-high-dose-rate signature (rad signal=0),https://pubmed.ncbi.nlm.nih.gov/34503403/
35479023,2021,Increased sanitization potency of hydrogen peroxide with synergistic O3 and intense pulsed light for non-woven polypropylene.,RSC advances,no ultra-high-dose-rate signature (rad signal=0),https://pubmed.ncbi.nlm.nih.gov/35479023/
34890193,2021,Spectroscopic Characterization of HSO2• and HOSO• Intermediates Involved in SO2 Geoengineering.,The journal of physical chemistry. A,no radiation signal + off-topic term: photochem,https://pubmed.ncbi.nlm.nih.gov/34890193/
34873416,2021,Effects of Ultrasound Contrast Agent-Mediated Nerve Growth Factor on Apoptosis of Retinal Ganglion Cells in Mice with Glaucoma.,Computational and mathematical methods in medicine,no ultra-high-dose-rate signature (rad signal=0),https://pubmed.ncbi.nlm.nih.gov/34873416/
34869190,2021,Editorial: Ionizing Radiation and Human Health: A Multifaceted Relationship.,Frontiers in public health,no ultra-high-dose-rate signature (rad signal=0),https://pubmed.ncbi.nlm.nih.gov/34869190/
34715679,2021,Proton irradiation effects on mechanochemically synthesized and flash-evaporated hybrid organic-inorganic lead halide perovskites.,Nanotechnology,off-topic title subject: perovskite,https://pubmed.ncbi.nlm.nih.gov/34715679/
34706320,2021,Aqueous photodegradation of the benzophenone fungicide metrafenone: Carbon-bromine bond cleavage mechanism.,Water research,no radiation signal + off-topic term: photochem,https://pubmed.ncbi.nlm.nih.gov/34706320/
34640004,2021,Effect of Rare-Earth Ions on the Optical and PL Properties of Novel Borosilicate Glass Developed from Agricultural Waste.,"Materials (Basel, Switzerland)",curator override: manually excluded,https://pubmed.ncbi.nlm.nih.gov/34640004/
34638437,2021,A Multi-Scale and Multi-Technique Approach for the Characterization of the Effects of Spatially Fractionated X-ray Radiation Therapies in a Preclinical Model.,Cancers,no ultra-high-dose-rate signature (rad signal=1),https://pubmed.ncbi.nlm.nih.gov/34638437/
34382255,2021,Gamma-irradiation of common biological samples for stable carbon and nitrogen isotope and elemental analyses.,Rapid communications in mass spectrometry : RCM,no ultra-high-dose-rate signature (rad signal=0),https://pubmed.ncbi.nlm.nih.gov/34382255/
34367279,2021,SPP1 Regulates Radiotherapy Sensitivity of Gastric Adenocarcinoma via the Wnt/Beta-Catenin Pathway.,Journal of oncology,no ultra-high-dose-rate signature (rad signal=1),https://pubmed.ncbi.nlm.nih.gov/34367279/
34313435,2021,Self-Assembly and Photochemistry of a Pyrene-Methyl Viologen Supramolecular Fiber System.,The journal of physical chemistry. B,no radiation signal + off-topic term: photochem,https://pubmed.ncbi.nlm.nih.gov/34313435/
34313279,2021,Spectroscopic characterization and photochemistry of the vinylsulfinyl radical.,Physical chemistry chemical physics : PCCP,no radiation signal + off-topic term: photochem,https://pubmed.ncbi.nlm.nih.gov/34313279/
34255880,2021,"Insights into the Photodegradation of the Contact Allergen Fragrance Cinnamyl Alcohol: Kinetics, Mechanism, and Toxicity.",Environmental toxicology and chemistry,no radiation signal + off-topic term: chromatograph,https://pubmed.ncbi.nlm.nih.gov/34255880/
34200054,2021,Effective Singlet Oxygen Sensitizers Based on the Phenazine Skeleton as Efficient Light Absorbers in Dye Photoinitiating Systems for Radical Polymerization of Acrylates.,"Materials (Basel, Switzerland)",no ultra-high-dose-rate signature (rad signal=0),https://pubmed.ncbi.nlm.nih.gov/34200054/
34115813,2021,Interplay of phosphate and carbonate ions with flavin photosensitizers in photodynamic inactivation of bacteria.,PloS one,no radiation signal + off-topic term: photochem,https://pubmed.ncbi.nlm.nih.gov/34115813/
34028963,2021,Effect of auto flash margin on superficial dose in breast conserving radiotherapy for breast cancer.,Journal of applied clinical medical physics,aperture/planning 'flash': auto flash,https://pubmed.ncbi.nlm.nih.gov/34028963/
34010716,2021,"Degradation effect of ultraviolet-induced advanced oxidation of chlorine, chlorine dioxide, and hydrogen peroxide and its impact on coagulation of extracellular organic matter produced by Microcystis aeruginosa.",Chemosphere,no radiation signal + off-topic term: chromatograph,https://pubmed.ncbi.nlm.nih.gov/34010716/
33998592,2021,Pulsed X-ray source with the pulse duration of 50 ns and the peak power of 70 MW for capturing moving objects.,Journal of X-ray science and technology,no ultra-high-dose-rate signature (rad signal=1),https://pubmed.ncbi.nlm.nih.gov/33998592/
33890390,2021,Engineering Nanoparticulate Organic Photocatalysts via a Scalable Flash Nanoprecipitation Process for Efficient Hydrogen Production.,Angewandte Chemie (International ed. in English),no ultra-high-dose-rate signature (rad signal=1),https://pubmed.ncbi.nlm.nih.gov/33890390/
33862361,2021,"Photochemical reactions between superoxide ions and 2,4,6-trichlorophenol in atmospheric aqueous environments.",Chemosphere,no radiation signal + off-topic term: photochem,https://pubmed.ncbi.nlm.nih.gov/33862361/
33822508,2021,Enhanced Mycelium Production of Phellinus igniarius (Agaricomycetes) Using a He-Ne Laser with Pulsed Light.,International journal of medicinal mushrooms,no ultra-high-dose-rate signature (rad signal=0),https://pubmed.ncbi.nlm.nih.gov/33822508/
33796360,2021,Laser-generated focused ultrasound transducer using a perforated photoacoustic lens for tissue characterization.,Biomedical optics express,no ultra-high-dose-rate signature (rad signal=0),https://pubmed.ncbi.nlm.nih.gov/33796360/
33769779,2021,Strategically Controlled Flash Irradiation on Silicon Anode for Enhancing Cycling Stability and Rate Capability toward High-Performance Lithium-Ion Batteries.,ACS applied materials & interfaces,no topic keywords and no radiation signal,https://pubmed.ncbi.nlm.nih.gov/33769779/
33681581,2021,Determining the Thermal Properties of Buckypapers Used in Photothermal Desorption.,ACS omega,no ultra-high-dose-rate signature (rad signal=0),https://pubmed.ncbi.nlm.nih.gov/33681581/
33667077,2021,Ethynylhydroxycarbene (H-C≡C-C̈-OH).,Journal of the American Chemical Society,curator override: manually excluded,https://pubmed.ncbi.nlm.nih.gov/33667077/
33664300,2021,Synthesis of silver nanoparticles embedded with single-walled carbon nanotubes for printable elastic electrodes and sensors with high stability.,Scientific reports,no ultra-high-dose-rate signature (rad signal=0),https://pubmed.ncbi.nlm.nih.gov/33664300/
33634556,2021,A Flash-Induced Robust Cu Electrode on Glass Substrates and Its Application for Thin-Film μLEDs.,"Advanced materials (Deerfield Beach, Fla.)",no radiation signal + off-topic term: thin-film,https://pubmed.ncbi.nlm.nih.gov/33634556/
33574482,2021,Millisecond photonic sintering of iron oxide doped alumina ceramic coatings.,Scientific reports,no ultra-high-dose-rate signature (rad signal=0),https://pubmed.ncbi.nlm.nih.gov/33574482/
33534579,2021,From Incident Light to Persistent and Regenerable Radicals of Urea-Assembled Benzophenone Frameworks: A Structural Investigation.,The journal of physical chemistry. A,no ultra-high-dose-rate signature (rad signal=0),https://pubmed.ncbi.nlm.nih.gov/33534579/
33493723,2021,Photochemical degradation of fragrance ingredient benzyl formate in water: Mechanism and toxicity assessment.,Ecotoxicology and environmental safety,no radiation signal + off-topic term: photochem,https://pubmed.ncbi.nlm.nih.gov/33493723/
33422976,2021,Enhanced alteration of poly(vinyl chloride) microplastics by hydrated electrons derived from indole-3-acetic acid assisted by a common cationic surfactant.,Water research,no ultra-high-dose-rate signature (rad signal=0),https://pubmed.ncbi.nlm.nih.gov/33422976/
33372404,2021,Review: High temperature short time treatment of cell culture media and feed solutions to mitigate adventitious viral contamination in the biopharmaceutical industry.,Biotechnology progress,no ultra-high-dose-rate signature (rad signal=0),https://pubmed.ncbi.nlm.nih.gov/33372404/
33278728,2021,Hydrogen peroxide and persulfate activation using UVA-UVB radiation: Degradation of estrogenic compounds and application in sewage treatment plant waters.,Journal of hazardous materials,no ultra-high-dose-rate signature (rad signal=0),https://pubmed.ncbi.nlm.nih.gov/33278728/
33252968,2021,Sense of agency with illusory visual events.,Journal of experimental psychology. Human perception and performance,no ultra-high-dose-rate signature (rad signal=0),https://pubmed.ncbi.nlm.nih.gov/33252968/
33107611,2021,In vitro thrombus formation and in vivo hemostasis mediated by platelets irradiated with bactericidal ultraviolet C from xenon flash under flow conditions.,Transfusion,no ultra-high-dose-rate signature (rad signal=0),https://pubmed.ncbi.nlm.nih.gov/33107611/
32994095,2021,The robustness of VMAT radiotherapy for breast cancer with tissue deformations.,Medical dosimetry : official journal of the American Association of Medical Dosimetrists,aperture/planning 'flash': skin flash,https://pubmed.ncbi.nlm.nih.gov/32994095/
32900587,2021,Flash Survey on the Effect of COVID-19 on Radiotherapy Services in the UK - the Benefit of Social Media for Rapid Information Gathering for the Radiotherapy Community and Government.,Clinical oncology (Royal College of Radiologists (Great Britain)),no ultra-high-dose-rate signature (rad signal=1),https://pubmed.ncbi.nlm.nih.gov/32900587/
33815891,2020,Antimony-Oxo Porphyrins as Photocatalysts for Redox-Neutral C-H to C-C Bond Conversion.,ACS catalysis,no radiation signal + off-topic term: photocatal,https://pubmed.ncbi.nlm.nih.gov/33815891/
33489078,2020,Lightness in a Flash: Effect of Exposure Time on Lightness Perception.,i-Perception,no ultra-high-dose-rate signature (rad signal=0),https://pubmed.ncbi.nlm.nih.gov/33489078/
33468887,2020,"[A Case of Recurrent Premenopausal Hormone Receptor Positive Breast Cancer with Liver, Lung and Bone Metastasis Successfully Treated with Endocrine Therapy].",Gan to kagaku ryoho. Cancer & chemotherapy,off-topic sense of 'flash': hot flash,https://pubmed.ncbi.nlm.nih.gov/33468887/
35519687,2020,Photo induced reaction of myoglobins with energy transferred from excited free tryptophan.,RSC advances,no ultra-high-dose-rate signature (rad signal=1),https://pubmed.ncbi.nlm.nih.gov/35519687/
33210674,2020,Photocatalytic hydrogen evolution using a Ru(ii)-bound heteroaromatic ligand as a reactive site.,"Dalton transactions (Cambridge, England : 2003)",no radiation signal + off-topic term: photocatal,https://pubmed.ncbi.nlm.nih.gov/33210674/
33073834,2020,Photochemistry of hexachloroosmate(IV) in ethanol.,Photochemical & photobiological sciences : Official journal of the European Photochemistry Association and the European Society for Photobiology,no radiation signal + off-topic term: photochem,https://pubmed.ncbi.nlm.nih.gov/33073834/
32786978,2020,Comparison of the Photochemistry of Acyclic and Cyclic 4-(4-Methoxy-phenyl)-4-oxo-but-2-enoate Ester Derivatives.,The journal of physical chemistry. A,off-topic sense of 'flash': flash photolysis of,https://pubmed.ncbi.nlm.nih.gov/32786978/
32748912,2020,"Mechanistic study of the trans,cis,cis-[RuCl2(DMSO)2(H2O)2] complex photochemistry in aqueous solutions.",Photochemical & photobiological sciences : Official journal of the European Photochemistry Association and the European Society for Photobiology,no radiation signal + off-topic term: photochem,https://pubmed.ncbi.nlm.nih.gov/32748912/
32731031,2020,Photodegradation of para-arsanilic acid mediated by photolysis of iron(III) oxalate complexes.,Chemosphere,no ultra-high-dose-rate signature (rad signal=0),https://pubmed.ncbi.nlm.nih.gov/32731031/
32635621,2020,An Analytical Multiple-Temperature Model for Flash Laser Irradiation on Single-Layer Graphene.,"Nanomaterials (Basel, Switzerland)",no ultra-high-dose-rate signature (rad signal=0),https://pubmed.ncbi.nlm.nih.gov/32635621/
32569955,2020,"Degradation of Acetaminophen via UVA-induced advanced oxidation processes (AOPs). Involvement of different radical species: HO, SO4- and HO2/O2.",Chemosphere,no radiation signal + off-topic term: photocatal,https://pubmed.ncbi.nlm.nih.gov/32569955/
32488712,2020,"Photochemical reactions between 1,4-benzoquinone and O2•",Environmental science and pollution research international,no radiation signal + off-topic term: photochem,https://pubmed.ncbi.nlm.nih.gov/32488712/
32459502,2020,Atomic-Scale Insights into the Dynamics of Growth and Degradation of All-Inorganic Perovskite Nanocrystals.,The journal of physical chemistry letters,off-topic sense of 'flash': flash point,https://pubmed.ncbi.nlm.nih.gov/32459502/
32326045,2020,Targeting the Epigenetic Non-Coding RNA MALAT1/Wnt Signaling Axis as a Therapeutic Approach to Suppress Stemness and Metastasis in Hepatocellular Carcinoma.,Cells,no ultra-high-dose-rate signature (rad signal=0),https://pubmed.ncbi.nlm.nih.gov/32326045/
32309952,2020,"3-Nitrene-2-formylthiophene and 3-Nitrene-2-formylfuran: Matrix Isolation, Conformation, and Rearrangement Reactions.",The journal of physical chemistry. A,no radiation signal + off-topic term: photochem,https://pubmed.ncbi.nlm.nih.gov/32309952/
32187695,2020,Flow path system of ultraviolet C irradiation from xenon flash to reduce bacteria survival in platelet products containing a platelet additive solution.,Transfusion,no ultra-high-dose-rate signature (rad signal=0),https://pubmed.ncbi.nlm.nih.gov/32187695/
32166853,2020,Triplet Energy Transfer from Ruthenium Complexes to Chiral Eniminium Ions: Enantioselective Synthesis of Cyclobutanecarbaldehydes by [2+2] Photocycloaddition.,Angewandte Chemie (International ed. in English),off-topic title subject: cycloadd,https://pubmed.ncbi.nlm.nih.gov/32166853/
32069439,2020,Phase-dependent gas sensitivity of MoS2 chemical sensors investigated with phase-locked MoS2.,Nanotechnology,no ultra-high-dose-rate signature (rad signal=0),https://pubmed.ncbi.nlm.nih.gov/32069439/
32064675,2020,Sulfonated Pyrene as a Photoregulator for Single-Stranded DNA Looping.,"Chemistry (Weinheim an der Bergstrasse, Germany)",no ultra-high-dose-rate signature (rad signal=0),https://pubmed.ncbi.nlm.nih.gov/32064675/
31977196,2020,Redox-Active Bis-Cyclometalated Iridium(III) Complex as a DNA Photo-Cleaving Agent.,Inorganic chemistry,no ultra-high-dose-rate signature (rad signal=0),https://pubmed.ncbi.nlm.nih.gov/31977196/
31879870,2020,Sustainable application of cochineal-based anthraquinone dye for the coloration of bio-mordanted silk fabric.,Environmental science and pollution research international,no radiation signal + off-topic term: microwave-assisted,https://pubmed.ncbi.nlm.nih.gov/31879870/
31850431,2020,"Photochemistry of tris(2,3,5,6-tetrathiaaryl)methyl radicals in various solutions.",Physical chemistry chemical physics : PCCP,off-topic sense of 'flash': flash photolysis of,https://pubmed.ncbi.nlm.nih.gov/31850431/
31627030,2020,Using Robust Optimization for Skin Flashing in Intensity Modulated Radiation Therapy for Breast Cancer Treatment: A Feasibility Study.,Practical radiation oncology,aperture/planning 'flash': manual flash,https://pubmed.ncbi.nlm.nih.gov/31627030/
31728465,2019,Spectroscopic identification of the phenyltelluryl radical and its reactivity toward molecular oxygen.,Physical chemistry chemical physics : PCCP,no ultra-high-dose-rate signature (rad signal=0),https://pubmed.ncbi.nlm.nih.gov/31728465/
31668013,2019,Environmentally Robust Memristor Enabled by Lead-Free Double Perovskite for High-Performance Information Storage.,"Small (Weinheim an der Bergstrasse, Germany)",off-topic sense of 'flash': flash memory,https://pubmed.ncbi.nlm.nih.gov/31668013/
31469553,2019,"Enhanced Photooxidation of Hydroquinone by Acetylacetone, a Novel Photosensitizer and Electron Shuttle.",Environmental science & technology,no radiation signal + off-topic term: photochem,https://pubmed.ncbi.nlm.nih.gov/31469553/
31419987,2019,miR-504 suppresses mesenchymal phenotype of glioblastoma by directly targeting the FZD7-mediated Wnt-β-catenin pathway.,Journal of experimental & clinical cancer research : CR,no ultra-high-dose-rate signature (rad signal=1),https://pubmed.ncbi.nlm.nih.gov/31419987/
31344624,2019,Phenanthrene degradation using Fe(III)-EDDS photoactivation under simulated solar light: A model for soil washing effluent treatment.,Chemosphere,no ultra-high-dose-rate signature (rad signal=0),https://pubmed.ncbi.nlm.nih.gov/31344624/
31298243,2019,Evidence of the effectiveness of Resveratrol in the prevention of guanine one-electron oxidation: possible benefits in cancer prevention.,Physical chemistry chemical physics : PCCP,no ultra-high-dose-rate signature (rad signal=0),https://pubmed.ncbi.nlm.nih.gov/31298243/
31280443,2019,Photochemical reaction kinetics and mechanistic investigations of nitrous acid with sulfamethazine in tropospheric water.,Environmental science and pollution research international,no radiation signal + off-topic term: chromatograph,https://pubmed.ncbi.nlm.nih.gov/31280443/
31233267,2019,Phosphorus Analogues of Methyl Nitrite and Nitromethane: CH3 OPO and CH3 PO2.,Angewandte Chemie (International ed. in English),no ultra-high-dose-rate signature (rad signal=0),https://pubmed.ncbi.nlm.nih.gov/31233267/
31221409,2019,Pseudo skin flash on VMAT in breast radiotherapy: Optimization of virtual bolus thickness and HU values.,Physica medica : PM : an international journal devoted to the applications of physics to medicine and biology : official journal of the Italian Association of Biomedical Physics (AIFB),off-topic sense of 'flash': virtual bolus,https://pubmed.ncbi.nlm.nih.gov/31221409/
31201327,2019,Chromoselective access to Z- or E- allylated amines and heterocycles by a photocatalytic allylation reaction.,Nature communications,no radiation signal + off-topic term: photocatal,https://pubmed.ncbi.nlm.nih.gov/31201327/
31162518,2019,Photoelimination of nitrogen from adamantane and pentacycloundecane (PCU) diazirines: a spectroscopic study and supramolecular control.,Photochemical & photobiological sciences : Official journal of the European Photochemistry Association and the European Society for Photobiology,no radiation signal + off-topic term: photochem,https://pubmed.ncbi.nlm.nih.gov/31162518/
31105058,2019,Altered activation of integrin ɑIIbβ3 on platelets irradiated with ultraviolet C from pathogen-reducing xenon flash.,Transfusion and apheresis science : official journal of the World Apheresis Association : official journal of the European Society for Haemapheresis,no topic keywords and no radiation signal,https://pubmed.ncbi.nlm.nih.gov/31105058/
31089158,2019,Phenomenological modelling of non-volatile memory threshold voltage shift induced by nonlinear ionization with a femtosecond laser.,Scientific reports,no radiation signal + off-topic term: semiconductor,https://pubmed.ncbi.nlm.nih.gov/31089158/
31087768,2019,"In regards to Bogue J, Wan J, Lavey RS, Parsai EI. Dosimetric comparison of VMAT with integrated skin flash to 3D field-in-field tangents for left breast irradiation. Journal of applied clinical medical physics. 2019 Feb;20(2):24-9.",Journal of applied clinical medical physics,aperture/planning 'flash': skin flash,https://pubmed.ncbi.nlm.nih.gov/31087768/
31059596,2019,Laser-Induced Wurtz-Type Syntheses with a Metal-Free Photoredox Catalytic Source of Hydrated Electrons.,"Chemistry (Weinheim an der Bergstrasse, Germany)",no ultra-high-dose-rate signature (rad signal=0),https://pubmed.ncbi.nlm.nih.gov/31059596/
31006410,2019,"Oxylipin concentration, but not fatty acid composition, is altered in human donor milk pasteurised using both thermal and non-thermal techniques.",The British journal of nutrition,no radiation signal + off-topic term: chromatograph,https://pubmed.ncbi.nlm.nih.gov/31006410/
30882197,2019,Intense Pulsed Light Annealing Process of Indium-Gallium-Zinc-Oxide Semiconductors via Flash White Light Combined with Deep-UV and Near-Infrared Drying for High-Performance Thin-Film Transistors.,ACS applied materials & interfaces,no radiation signal + off-topic term: semiconductor,https://pubmed.ncbi.nlm.nih.gov/30882197/
30876341,2019,Selectivity in the Photo-Fries Rearrangement of Some Aryl Benzoates in Green and Sustainable Media. Preparative and Mechanistic Studies.,The Journal of organic chemistry,no ultra-high-dose-rate signature (rad signal=0),https://pubmed.ncbi.nlm.nih.gov/30876341/
30869720,2019,Nanoscale investigation of improved triboelectric properties of UV-irradiated ultrananocrystalline diamond films.,Nanoscale,off-topic sense of 'flash': flash memory,https://pubmed.ncbi.nlm.nih.gov/30869720/
30820496,2019,Competing photochemical reactions of bis-naphthols and their photoinduced antiproliferative activity.,Photochemical & photobiological sciences : Official journal of the European Photochemistry Association and the European Society for Photobiology,no radiation signal + off-topic term: photochem,https://pubmed.ncbi.nlm.nih.gov/30820496/
30811010,2019,Are the recorded data of flash glucose monitoring systems influenced by radiological examinations?,Radiological physics and technology,curator override: manually excluded,https://pubmed.ncbi.nlm.nih.gov/30811010/
30774874,2019,"Conformer-specific [1,2]H-tunnelling in captodatively-stabilized cyanohydroxycarbene (NC-C[combining umlaut]-OH).",Chemical science,off-topic title subject: carbene,https://pubmed.ncbi.nlm.nih.gov/30774874/
30770541,2019,High Hydrostatic Pressure Processing Better Preserves the Nutrient and Bioactive Compound Composition of Human Donor Milk.,The Journal of nutrition,no ultra-high-dose-rate signature (rad signal=0),https://pubmed.ncbi.nlm.nih.gov/30770541/
30724062,2019,Unveiling the Photophysical and Photochemical Reaction Process of Naproxen via Ultrafast Femtosecond to Nanosecond Laser Flash Photolysis.,Chemical research in toxicology,no radiation signal + off-topic term: photochem,https://pubmed.ncbi.nlm.nih.gov/30724062/
30690232,2019,Photochemical degradation kinetics and mechanism of short-chain chlorinated paraffins in aqueous solution: A case of 1-chlorodecane.,"Environmental pollution (Barking, Essex : 1987)",no radiation signal + off-topic term: photochem,https://pubmed.ncbi.nlm.nih.gov/30690232/
30653831,2019,Dosimetric comparison of VMAT with integrated skin flash to 3D field-in-field tangents for left breast irradiation.,Journal of applied clinical medical physics,aperture/planning 'flash': skin flash,https://pubmed.ncbi.nlm.nih.gov/30653831/
30411713,2019,Electron induced nanoscale engineering of rutile TiO2 surfaces.,Nanotechnology,no radiation signal + off-topic term: flash anneal,https://pubmed.ncbi.nlm.nih.gov/30411713/
30403297,2019,Quenching of the Singlet and Triplet Excited States of Pterin by Amino Acids.,Photochemistry and photobiology,no radiation signal + off-topic term: photochem,https://pubmed.ncbi.nlm.nih.gov/30403297/
30389413,2019,Optimal selection of optimization bolus thickness in planning of VMAT breast radiotherapy treatments.,Medical dosimetry : official journal of the American Association of Medical Dosimetrists,aperture/planning 'flash': skin flash,https://pubmed.ncbi.nlm.nih.gov/30389413/
30384293,2019,"Activation of peroxymonosulfate by BiOCl@Fe3O4 catalyst for the degradation of atenolol: Kinetics, parameters, products and mechanism.",Chemosphere,no radiation signal + off-topic term: photocatal,https://pubmed.ncbi.nlm.nih.gov/30384293/
30225812,2019,Distinct UV-A or UV-B irradiation induces protochlorophyllide photoreduction and bleaching in dark-grown pea (Pisum sativum L.) epicotyls.,Photosynthesis research,no radiation signal + off-topic term: photochem,https://pubmed.ncbi.nlm.nih.gov/30225812/
29500108,2019,Integrated skin flash planning technique for intensity-modulated radiation therapy for vulvar cancer prevents marginal misses and improves superficial dose coverage.,Medical dosimetry : official journal of the American Association of Medical Dosimetrists,aperture/planning 'flash': skin flash,https://pubmed.ncbi.nlm.nih.gov/29500108/
30460849,2018,Photocyclization of Tetra- and Pentapeptides Containing Adamantylphthalimide and Phenylalanines: Reaction Efficiency and Diastereoselectivity.,The Journal of organic chemistry,no radiation signal + off-topic term: photochem,https://pubmed.ncbi.nlm.nih.gov/30460849/
35558941,2018,The first morphologically controlled synthesis of a nanocomposite of graphene oxide with cobalt tin oxide nanoparticles.,RSC advances,off-topic sense of 'flash': flash point,https://pubmed.ncbi.nlm.nih.gov/35558941/
30351095,2018,Decomposition of Sulfonyl Azide Isocyanate and Sulfonyl Diazide: The Oxygen-Shifted Curtius Rearrangement via Sulfonyl Nitrenes.,The journal of physical chemistry. A,off-topic sense of 'flash': flash vacuum pyrolysis,https://pubmed.ncbi.nlm.nih.gov/30351095/
30301345,2018,Methoxyphosphinidene and Isomeric Methylphosphinidene Oxide.,Journal of the American Chemical Society,no ultra-high-dose-rate signature (rad signal=0),https://pubmed.ncbi.nlm.nih.gov/30301345/
30266971,2018,Two step porosification of biomimetic thin-film hydroxyapatite/alpha-tri calcium phosphate coatings by pulsed electron beam irradiation.,Scientific reports,no ultra-high-dose-rate signature (rad signal=1),https://pubmed.ncbi.nlm.nih.gov/30266971/
30242274,2018,Guided Slow Continuous Suspension Film Flow for Mass Production of Submicrometer Spherical Particles by Pulsed Laser Melting in Liquid.,Scientific reports,no ultra-high-dose-rate signature (rad signal=0),https://pubmed.ncbi.nlm.nih.gov/30242274/
30187409,2018,Photochemical oxidation of di-n-butyl phthalate in atmospheric hydrometeors by hydroxyl radicals from nitrous acid.,Environmental science and pollution research international,no radiation signal + off-topic term: chromatograph,https://pubmed.ncbi.nlm.nih.gov/30187409/
30081214,2018,Photosensitisation by voriconazole-N-oxide results from a sequence of solvent and pH-dependent photochemical and thermal reactions.,"Journal of photochemistry and photobiology. B, Biology",no radiation signal + off-topic term: photochem,https://pubmed.ncbi.nlm.nih.gov/30081214/
29989805,2018,"Phenylsulfinyl Radical: Gas-Phase Generation, Photoisomerization, and Oxidation.",Journal of the American Chemical Society,off-topic title subject: photoisomeri,https://pubmed.ncbi.nlm.nih.gov/29989805/
29978548,2018,Dosimetric effects of anatomical deformations and positioning errors in VMAT breast radiotherapy.,Journal of applied clinical medical physics,off-topic sense of 'flash': virtual bolus,https://pubmed.ncbi.nlm.nih.gov/29978548/
29959819,2018,Safety and benefit of using a virtual bolus during treatment planning for breast cancer treated with arc therapy.,Journal of applied clinical medical physics,off-topic sense of 'flash': virtual bolus,https://pubmed.ncbi.nlm.nih.gov/29959819/
29940106,2018,Selective Wavelength Plasmonic Flash Light Welding of Silver Nanowires for Transparent Electrodes with High Conductivity.,ACS applied materials & interfaces,no ultra-high-dose-rate signature (rad signal=0),https://pubmed.ncbi.nlm.nih.gov/29940106/
29782667,2018,Synergies of Electrochemical Metallization and Valance Change in All-Inorganic Perovskite Quantum Dots for Resistive Switching.,"Advanced materials (Deerfield Beach, Fla.)",off-topic sense of 'flash': flash memory,https://pubmed.ncbi.nlm.nih.gov/29782667/
29709185,2018,Phosphorescence Kinetics of Singlet Oxygen Produced by Photosensitization in Spherical Nanoparticles. Part II. The Case of Hypericin-Loaded Low-Density Lipoprotein Particles.,The journal of physical chemistry. B,no ultra-high-dose-rate signature (rad signal=0),https://pubmed.ncbi.nlm.nih.gov/29709185/
29676024,2018,Multihydroxy-Anthraquinone Derivatives as Free Radical and Cationic Photoinitiators of Various Photopolymerizations under Green LED.,Macromolecular rapid communications,off-topic title subject: photopolymeri,https://pubmed.ncbi.nlm.nih.gov/29676024/
29642705,2018,Durian-Shaped CdS@ZnSe Core@Mesoporous-Shell Nanoparticles for Enhanced and Sustainable Photocatalytic Hydrogen Evolution.,The journal of physical chemistry letters,no radiation signal + off-topic term: photocatal,https://pubmed.ncbi.nlm.nih.gov/29642705/
29584951,2018,Reversible Valence Photoisomerization between Closed-Shell Quinoidal and Open-Shell Biradical Forms.,The journal of physical chemistry letters,off-topic title subject: photoisomeri,https://pubmed.ncbi.nlm.nih.gov/29584951/
29578623,2018,Spectroscopic Identification of H2 NSO and syn- and anti-HNSOH Radicals.,Angewandte Chemie (International ed. in English),off-topic sense of 'flash': flash vacuum pyrolysis,https://pubmed.ncbi.nlm.nih.gov/29578623/
29554524,2018,A mechanistic study on the potential of quinolinium salts as photocatalysts for the abatement of chlorinated pollutants.,Journal of hazardous materials,no radiation signal + off-topic term: photocatal,https://pubmed.ncbi.nlm.nih.gov/29554524/
29488999,2018,XUV photodesorption of carbon cluster ions and ionic photofragments from a mixed methane-water ice.,Physical chemistry chemical physics : PCCP,no radiation signal + off-topic term: photochem,https://pubmed.ncbi.nlm.nih.gov/29488999/
29431286,2018,Spectroscopic Evidence for Aminomethylene (H-C̈-NH2 )-The Simplest Amino Carbene.,Angewandte Chemie (International ed. in English),off-topic title subject: carbene,https://pubmed.ncbi.nlm.nih.gov/29431286/
29426364,2018,RHBDD1 promotes colorectal cancer metastasis through the Wnt signaling pathway and its downstream target ZEB1.,Journal of experimental & clinical cancer research : CR,no ultra-high-dose-rate signature (rad signal=1),https://pubmed.ncbi.nlm.nih.gov/29426364/
29384165,2018,Photochemical transformation of dimethyl phthalate (DMP) with N(iii)(H2ONO+/HONO/NO2-) in the atmospheric aqueous environment.,Photochemical & photobiological sciences : Official journal of the European Photochemistry Association and the European Society for Photobiology,no radiation signal + off-topic term: photochem,https://pubmed.ncbi.nlm.nih.gov/29384165/
29307182,2018,Photoinduced Sulfur-Nitrogen Bond Rotation and Thermal Nitrogen Inversion in Heterocumulene OSNSO.,Journal of the American Chemical Society,off-topic sense of 'flash': flash vacuum pyrolysis,https://pubmed.ncbi.nlm.nih.gov/29307182/
29271755,2018,Experimental study of EUV mirror radiation damage resistance under long-term free-electron laser exposures below the single-shot damage threshold.,Journal of synchrotron radiation,no radiation signal + off-topic term: thin film,https://pubmed.ncbi.nlm.nih.gov/29271755/
29198119,2018,Synthesis of Fluorescent Au Nanocrystals-Silica Hybrid Nanocomposite (FLASH) with Enhanced Optical Features for Bioimaging and Photodynamic Activity.,Langmuir : the ACS journal of surfaces and colloids,no radiation signal + off-topic term: photocatal,https://pubmed.ncbi.nlm.nih.gov/29198119/
29083511,2018,The Trifluoromethyl Sulfinyl and Oxathiyl Radicals.,"Chemistry (Weinheim an der Bergstrasse, Germany)",no ultra-high-dose-rate signature (rad signal=0),https://pubmed.ncbi.nlm.nih.gov/29083511/
29225232,2017,"Effect of Ultraviolet Irradiation on Proton Transfer Facilitated by 5,10,15,20-Tetraphenyl-21H,23H-porphine and Its Metal Complexes at a Water/1,2-Dichloroethane Interface.",Analytical sciences : the international journal of the Japan Society for Analytical Chemistry,no radiation signal + off-topic term: photochem,https://pubmed.ncbi.nlm.nih.gov/29225232/
29069546,2017,Contrasting Photolytic and Thermal Decomposition of Phenyl Azidoformate: The Curtius Rearrangement Versus Intramolecular C-H Amination.,The journal of physical chemistry. A,off-topic sense of 'flash': flash vacuum pyrolysis,https://pubmed.ncbi.nlm.nih.gov/29069546/
29067142,2017,Intermittent 96-Hour Auricular Electroacupuncture for Hot Flashes in Patients with Prostate Cancer: A Pilot Study.,Medical acupuncture,off-topic sense of 'flash': hot flash,https://pubmed.ncbi.nlm.nih.gov/29067142/
28963500,2017,"Rapid, cool sintering of wet processed yttria-stabilized zirconia ceramic electrolyte thin films.",Scientific reports,no radiation signal + off-topic term: thin film,https://pubmed.ncbi.nlm.nih.gov/28963500/
28923730,2017,Kinetics analysis of interfacial electron-transfer processes in goethite suspensions systems.,Chemosphere,no radiation signal + off-topic term: photochem,https://pubmed.ncbi.nlm.nih.gov/28923730/
28872716,2017,"Parent Thioketene S-Oxide H2 CCSO: Gas-Phase Generation, Structure, and Bonding Analysis.","Chemistry (Weinheim an der Bergstrasse, Germany)",off-topic sense of 'flash': flash vacuum pyrolysis,https://pubmed.ncbi.nlm.nih.gov/28872716/
28848985,2017,Laser flash photolysis of nanocrystalline α-azido-p-methoxy-acetophenone.,Organic & biomolecular chemistry,off-topic sense of 'flash': flash photolysis of,https://pubmed.ncbi.nlm.nih.gov/28848985/
28786686,2017,Detection of Fleeting Amine Radical Cations and Elucidation of Chain Processes in Visible-Light-Mediated [3 + 2] Annulation by Online Mass Spectrometric Techniques.,Journal of the American Chemical Society,no radiation signal + off-topic term: photocatal,https://pubmed.ncbi.nlm.nih.gov/28786686/
28777569,2017,Direct Irradiaton of Aryl Sulfides: Homolytic Fragmentation and Sensitized S-Oxidation.,The Journal of organic chemistry,no ultra-high-dose-rate signature (rad signal=0),https://pubmed.ncbi.nlm.nih.gov/28777569/
28771351,2017,Photoinduced Reversible Electron Transfer Between the Benzhydryl Radical and Benzhydryl Cation in Amorphous Water-Ice.,The journal of physical chemistry. A,no ultra-high-dose-rate signature (rad signal=0),https://pubmed.ncbi.nlm.nih.gov/28771351/
28635174,2017,Flash Light Millisecond Self-Assembly of High χ Block Copolymers for Wafer-Scale Sub-10 nm Nanopatterning.,"Advanced materials (Deerfield Beach, Fla.)",no ultra-high-dose-rate signature (rad signal=0),https://pubmed.ncbi.nlm.nih.gov/28635174/
28633106,2017,Selective photocytotoxicity of anthrols on cancer stem-like cells: The effect of quinone methides or reactive oxygen species.,European journal of medicinal chemistry,no ultra-high-dose-rate signature (rad signal=1),https://pubmed.ncbi.nlm.nih.gov/28633106/
28621378,2017,The hypothiocyanite radical OSCN and its isomers.,Physical chemistry chemical physics : PCCP,off-topic sense of 'flash': flash vacuum pyrolysis,https://pubmed.ncbi.nlm.nih.gov/28621378/
28553497,2017,"Mapping a protein recognition centre with chiral photoactive ligands. An integrated approach combining photophysics, reactivity, proteomics and molecular dynamics simulation studies.",Chemical science,no radiation signal + off-topic term: chromatograph,https://pubmed.ncbi.nlm.nih.gov/28553497/
28534631,2017,Photochemical Formation of Anthracene Quinone Methide Derivatives.,The Journal of organic chemistry,no radiation signal + off-topic term: photochem,https://pubmed.ncbi.nlm.nih.gov/28534631/
28448151,2017,"Methoxysulfinyl Radical CH3OSO: Gas-Phase Generation, Photochemistry, and Oxidation.",The journal of physical chemistry. A,off-topic sense of 'flash': flash vacuum pyrolysis,https://pubmed.ncbi.nlm.nih.gov/28448151/
28417930,2017,Degradation of Methyl 2-Aminobenzoate (Methyl Anthranilate) by H₂O₂/UV: Effect of Inorganic Anions and Derived Radicals.,"Molecules (Basel, Switzerland)",no radiation signal + off-topic term: chromatograph,https://pubmed.ncbi.nlm.nih.gov/28417930/
28402291,2017,Multi-pulse flash light sintering of bimodal Cu nanoparticle-ink for highly conductive printed Cu electrodes.,Nanotechnology,no ultra-high-dose-rate signature (rad signal=0),https://pubmed.ncbi.nlm.nih.gov/28402291/
28290238,2017,Ra-226 bioaccumulation and growth indices in fish.,International journal of radiation biology,no ultra-high-dose-rate signature (rad signal=1),https://pubmed.ncbi.nlm.nih.gov/28290238/
28128823,2017,Trapping of excess energy in a nano-layered microenvironment to promote chemical reactions.,Physical chemistry chemical physics : PCCP,no ultra-high-dose-rate signature (rad signal=0),https://pubmed.ncbi.nlm.nih.gov/28128823/
28102389,2017,The decomposition of benzenesulfonyl azide: a matrix isolation and computational study.,Physical chemistry chemical physics : PCCP,off-topic sense of 'flash': flash vacuum pyrolysis,https://pubmed.ncbi.nlm.nih.gov/28102389/
27976779,2017,Parietin: an efficient photo-screening pigment in vivo with good photosensitizing and photodynamic antibacterial effects in vitro.,Photochemical & photobiological sciences : Official journal of the European Photochemistry Association and the European Society for Photobiology,no ultra-high-dose-rate signature (rad signal=0),https://pubmed.ncbi.nlm.nih.gov/27976779/
25894933,2017,"Alternatives to conventional thermal treatments in fruit-juice processing. Part 2: Effect on composition, phytochemical content, and physicochemical, rheological, and organoleptic properties of fruit juices.",Critical reviews in food science and nutrition,no ultra-high-dose-rate signature (rad signal=1),https://pubmed.ncbi.nlm.nih.gov/25894933/
25849158,2017,Alternatives to conventional thermal treatments in fruit-juice processing. Part 1: Techniques and applications.,Critical reviews in food science and nutrition,no ultra-high-dose-rate signature (rad signal=0),https://pubmed.ncbi.nlm.nih.gov/25849158/
27778017,2017,"Hiding and unveiling trans-chalcone in a constrained derivative of 4',7-dihydroxyflavylium in water: a versatile photochromic system.",Organic & biomolecular chemistry,no ultra-high-dose-rate signature (rad signal=0),https://pubmed.ncbi.nlm.nih.gov/27778017/
27755345,2017,Human Milk Processing: A Systematic Review of Innovative Techniques to Ensure the Safety and Quality of Donor Milk.,Journal of pediatric gastroenterology and nutrition,no ultra-high-dose-rate signature (rad signal=0),https://pubmed.ncbi.nlm.nih.gov/27755345/
27750170,2017,Photochemical reaction between biphenyl and N(III) in the atmospheric aqueous phase.,Chemosphere,no radiation signal + off-topic term: photochem,https://pubmed.ncbi.nlm.nih.gov/27750170/
27082285,2017,Vancomycin-sensitized photooxidation in the presence of the natural pigment vitamin B2: Interaction with excited states and photogenerated ROS.,Redox report : communications in free radical research,no ultra-high-dose-rate signature (rad signal=0),https://pubmed.ncbi.nlm.nih.gov/27082285/
27958300,2016,Theoretical and Experimental Study of Light-assisted Polymerization by Multimechanism Action.,Scientific reports,no ultra-high-dose-rate signature (rad signal=0),https://pubmed.ncbi.nlm.nih.gov/27958300/
27861167,2016,Photonic sintering via flash white light combined with deep UV and NIR for SrTiO3 thin film vibration touch panel applications.,Nanotechnology,no radiation signal + off-topic term: thin film,https://pubmed.ncbi.nlm.nih.gov/27861167/
27854298,2016,Diphenylcarbene Protected by Four ortho-Iodine Groups: An Unusually Persistent Triplet Carbene.,"Molecules (Basel, Switzerland)",off-topic sense of 'flash': flash photolysis of,https://pubmed.ncbi.nlm.nih.gov/27854298/
27842105,2016,Tuning laser plasma x-ray source for single shot microscopy using nano-porous targets.,Optics letters,off-topic sense of 'flash': flash point,https://pubmed.ncbi.nlm.nih.gov/27842105/
27812591,2016,Photochemical formation of quinone methides from peptides containing modified tyrosine.,Organic & biomolecular chemistry,no radiation signal + off-topic term: photochem,https://pubmed.ncbi.nlm.nih.gov/27812591/
27669109,2016,"Split lesion randomized comparative study between long pulsed Nd:YAG laser 532 and 1,064 nm in treatment of facial port-wine stain.",Lasers in surgery and medicine,no ultra-high-dose-rate signature (rad signal=0),https://pubmed.ncbi.nlm.nih.gov/27669109/
27711566,2016,Light-induced charge separation in a P3HT/PC70BM composite as studied by out-of-phase electron spin echo spectroscopy.,Physical chemistry chemical physics : PCCP,no ultra-high-dose-rate signature (rad signal=0),https://pubmed.ncbi.nlm.nih.gov/27711566/
27739113,2016,Photochemistry of N-Arylsulfonimides: An Easily Available Class of Nonionic Photoacid Generators (PAGs).,"Chemistry (Weinheim an der Bergstrasse, Germany)",no radiation signal + off-topic term: photochem,https://pubmed.ncbi.nlm.nih.gov/27739113/
27722510,2016,Generation and characterization of the phenylthiyl radical and its oxidation to the phenylthiylperoxy and phenylsulfonyl radicals.,Physical chemistry chemical physics : PCCP,no ultra-high-dose-rate signature (rad signal=0),https://pubmed.ncbi.nlm.nih.gov/27722510/
27621705,2016,Photosensitivity to Triflusal: Formation of a Photoadduct with Ubiquitin Demonstrated by Photophysical and Proteomic Techniques.,Frontiers in pharmacology,no ultra-high-dose-rate signature (rad signal=0),https://pubmed.ncbi.nlm.nih.gov/27621705/
27575523,2016,Simplest N-Sulfonylamine HNSO2.,Journal of the American Chemical Society,off-topic sense of 'flash': flash vacuum pyrolysis,https://pubmed.ncbi.nlm.nih.gov/27575523/
27571139,2016,"Characterization of the DNA-Mediated Oxidation of Dps, A Bacterial Ferritin.",Journal of the American Chemical Society,no ultra-high-dose-rate signature (rad signal=0),https://pubmed.ncbi.nlm.nih.gov/27571139/
27553755,2016,Welding of silver nanowire networks via flash white light and UV-C irradiation for highly conductive and reliable transparent electrodes.,Scientific reports,no ultra-high-dose-rate signature (rad signal=0),https://pubmed.ncbi.nlm.nih.gov/27553755/
27489515,2016,Comparison of set-up errors by breast size on wing board by portal imaging.,Reports of practical oncology and radiotherapy : journal of Greatpoland Cancer Center in Poznan and Polish Society of Radiation Oncology,no ultra-high-dose-rate signature (rad signal=1),https://pubmed.ncbi.nlm.nih.gov/27489515/
27454932,2016,Photoswitchable diacylglycerols enable optical control of protein kinase C.,Nature chemical biology,no radiation signal + off-topic term: synaptic,https://pubmed.ncbi.nlm.nih.gov/27454932/
27280361,2016,Spin Crossover in Fe(II) Complexes with N4S2 Coordination.,Inorganic chemistry,no ultra-high-dose-rate signature (rad signal=0),https://pubmed.ncbi.nlm.nih.gov/27280361/
27213674,2016,"Aqueous photodegradation of 4-tert-butylphenol: By-products, degradation pathway and theoretical calculation assessment.",The Science of the total environment,no ultra-high-dose-rate signature (rad signal=0),https://pubmed.ncbi.nlm.nih.gov/27213674/
27187791,2016,Functional Green-Tuned Proteorhodopsin from Modern Stromatolites.,PloS one,no ultra-high-dose-rate signature (rad signal=0),https://pubmed.ncbi.nlm.nih.gov/27187791/
27119974,2016,Convolution-based estimation of organ dose in tube current modulated CT.,Physics in medicine and biology,no ultra-high-dose-rate signature (rad signal=1),https://pubmed.ncbi.nlm.nih.gov/27119974/
27112630,2016,Blocking cyclobutane pyrimidine dimer formation by steric hindrance.,Organic & biomolecular chemistry,no ultra-high-dose-rate signature (rad signal=0),https://pubmed.ncbi.nlm.nih.gov/27112630/
27088245,2016,"A Combined Experimental and Theoretical Approach to the Photogeneration of 5,6-Dihydropyrimidin-5-yl Radicals in Nonaqueous Media.",The Journal of organic chemistry,no ultra-high-dose-rate signature (rad signal=0),https://pubmed.ncbi.nlm.nih.gov/27088245/
27061950,2016,Photoenolization of o-Methylvalerophenone Ester Derivative.,Photochemistry and photobiology,no ultra-high-dose-rate signature (rad signal=0),https://pubmed.ncbi.nlm.nih.gov/27061950/
26975337,2016,Intensive Plasmonic Flash Light Sintering of Copper Nanoinks Using a Band-Pass Light Filter for Highly Electrically Conductive Electrodes in Printed Electronics.,ACS applied materials & interfaces,no ultra-high-dose-rate signature (rad signal=0),https://pubmed.ncbi.nlm.nih.gov/26975337/
26892685,2016,Aromatic Monochlorination Photosensitized by DDQ with Hydrogen Chloride under Visible-Light Irradiation.,"Chemistry, an Asian journal",no radiation signal + off-topic term: photochem,https://pubmed.ncbi.nlm.nih.gov/26892685/
26833240,2016,Radical-mediated dehydrogenation of bile acids by means of hydrogen atom transfer to triplet carbonyls.,Organic & biomolecular chemistry,no ultra-high-dose-rate signature (rad signal=0),https://pubmed.ncbi.nlm.nih.gov/26833240/
26806215,2016,All-photonic drying and sintering process via flash white light combined with deep-UV and near-infrared irradiation for highly conductive copper nano-ink.,Scientific reports,no ultra-high-dose-rate signature (rad signal=0),https://pubmed.ncbi.nlm.nih.gov/26806215/
26760219,2016,Photolysis of a Benzyne Precursor Studied by Time-Resolved FTIR Spectroscopy.,The Journal of organic chemistry,off-topic sense of 'flash': flash photolysis of,https://pubmed.ncbi.nlm.nih.gov/26760219/
26633742,2016,Mechanistic Studies on the Photoallergy Mediated by Fenofibric Acid: Photoreactivity with Serum Albumins.,Chemical research in toxicology,no radiation signal + off-topic term: photochem,https://pubmed.ncbi.nlm.nih.gov/26633742/
26498452,2016,Analysis of experimental tendinitis in rats treated with laser and platelet-rich plasma therapies by Raman spectroscopy and histometry.,Lasers in medical science,no radiation signal + off-topic term: semiconductor,https://pubmed.ncbi.nlm.nih.gov/26498452/
26579941,2015,(56)Fe Irradiation Alters Spine Density and Dendritic Complexity in the Mouse Hippocampus.,Radiation research,no radiation signal + off-topic term: synaptic,https://pubmed.ncbi.nlm.nih.gov/26579941/
26569596,2015,Searching for Improved Photoreleasing Abilities of Organic Molecules.,Accounts of chemical research,no ultra-high-dose-rate signature (rad signal=0),https://pubmed.ncbi.nlm.nih.gov/26569596/
26545041,2015,"Monohydroxylated Polybrominated Diphenyl Ethers (OH-PBDEs) and Dihydroxylated Polybrominated Biphenyls (Di-OH-PBBs): Novel Photoproducts of 2,6-Dibromophenol.",Environmental science & technology,no radiation signal + off-topic term: chromatograph,https://pubmed.ncbi.nlm.nih.gov/26545041/
26524191,2015,Reaction of Triplet Phenylnitrene with Molecular Oxygen.,The Journal of organic chemistry,no ultra-high-dose-rate signature (rad signal=0),https://pubmed.ncbi.nlm.nih.gov/26524191/
26511675,2015,"Synthesis of FMRFaNV, a Photoreleasable Caged Transmitter Designed to Study Neuron-Glia Interactions in the Central Nervous System.",Bioconjugate chemistry,no radiation signal + off-topic term: synaptic,https://pubmed.ncbi.nlm.nih.gov/26511675/
26505908,2015,Copper Nanoparticle/Multiwalled Carbon Nanotube Composite Films with High Electrical Conductivity and Fatigue Resistance Fabricated via Flash Light Sintering.,ACS applied materials & interfaces,no ultra-high-dose-rate signature (rad signal=0),https://pubmed.ncbi.nlm.nih.gov/26505908/
26444864,2015,"A molecular insight into the phototoxic reactions observed with vemurafenib, a first-line drug against metastatic melanoma.",Photochemical & photobiological sciences : Official journal of the European Photochemistry Association and the European Society for Photobiology,no radiation signal + off-topic term: photochem,https://pubmed.ncbi.nlm.nih.gov/26444864/
26406388,2015,Dethreading of Tetraalkylsuccinamide-Based [2]Rotaxanes for Preparing Benzylic Amide Macrocycles.,The Journal of organic chemistry,off-topic sense of 'flash': flash vacuum pyrolysis,https://pubmed.ncbi.nlm.nih.gov/26406388/
26373072,2015,Ultra-High Speed Fabrication of TiO2 Photoanode by Flash Light for Dye-Sensitized Solar Cell.,Journal of nanoscience and nanotechnology,no ultra-high-dose-rate signature (rad signal=0),https://pubmed.ncbi.nlm.nih.gov/26373072/
26275526,2015,A Singlet Thiophosphoryl Nitrene and Its Interconversion with Thiazyl and Thionitroso Isomers.,Journal of the American Chemical Society,off-topic sense of 'flash': flash vacuum pyrolysis,https://pubmed.ncbi.nlm.nih.gov/26275526/
26248797,2015,"The Methylsulfonyloxyl Radical, CH3SO3.",Angewandte Chemie (International ed. in English),no ultra-high-dose-rate signature (rad signal=0),https://pubmed.ncbi.nlm.nih.gov/26248797/
26229666,2015,Quantifying intra- and inter-fractional motion in breast radiotherapy.,Journal of medical radiation sciences,no ultra-high-dose-rate signature (rad signal=1),https://pubmed.ncbi.nlm.nih.gov/26229666/
26037331,2015,Optical Absorption and Magnetic Field Effect Based Imaging of Transient Radicals.,Angewandte Chemie (International ed. in English),no radiation signal + off-topic term: photochem,https://pubmed.ncbi.nlm.nih.gov/26037331/
25948082,2015,Synthesis and testing of ZnO nanoparticles for photo-initiation: experimental observation of two different non-migration initiators for bulk polymerization.,Nanoscale,no ultra-high-dose-rate signature (rad signal=0),https://pubmed.ncbi.nlm.nih.gov/25948082/
25913069,2015,Environmentally benign and facile reduction of graphene oxide by flash light irradiation.,Nanotechnology,no radiation signal + off-topic term: thin film,https://pubmed.ncbi.nlm.nih.gov/25913069/
25849967,2015,Photochromic phenoxyl-imidazolyl radical complexes with decoloration rates from tens of nanoseconds to seconds.,Journal of the American Chemical Society,no ultra-high-dose-rate signature (rad signal=0),https://pubmed.ncbi.nlm.nih.gov/25849967/
25760227,2015,"Direct detection of a triplet vinylnitrene, 1,4-naphthoquinone-2-ylnitrene, in solution and cryogenic matrices.",Journal of the American Chemical Society,off-topic sense of 'flash': flash photolysis of,https://pubmed.ncbi.nlm.nih.gov/25760227/
25745031,2015,Coherent X-Ray Diffraction Imaging of Chloroplasts from Cyanidioschyzon merolae by Using X-Ray Free Electron Laser.,Plant & cell physiology,no ultra-high-dose-rate signature (rad signal=0),https://pubmed.ncbi.nlm.nih.gov/25745031/
25714508,2015,A highly reliable copper nanowire/nanoparticle ink pattern with high conductivity on flexible substrate prepared via a flash light-sintering technique.,ACS applied materials & interfaces,no ultra-high-dose-rate signature (rad signal=0),https://pubmed.ncbi.nlm.nih.gov/25714508/
25693827,2015,Degradation of organic ultraviolet filter diethylamino hydroxybenzoyl hexyl benzoate in aqueous solution by UV/H2O2.,Environmental science and pollution research international,no ultra-high-dose-rate signature (rad signal=0),https://pubmed.ncbi.nlm.nih.gov/25693827/
25663129,2015,Hydrogen production on a hybrid photocatalytic system composed of ultrathin CdS nanosheets and a molecular nickel complex.,"Chemistry (Weinheim an der Bergstrasse, Germany)",no radiation signal + off-topic term: photocatal,https://pubmed.ncbi.nlm.nih.gov/25663129/
25656843,2015,Decomposition of fluorophosphoryl diazide: a joint experimental and theoretical study.,Physical chemistry chemical physics : PCCP,off-topic sense of 'flash': flash vacuum pyrolysis,https://pubmed.ncbi.nlm.nih.gov/25656843/
25644623,2015,From lignocellulosic biomass to lactic- and glycolic-acid oligomers: a gram-scale microwave-assisted protocol.,ChemSusChem,no radiation signal + off-topic term: microwave-assisted,https://pubmed.ncbi.nlm.nih.gov/25644623/
29560234,2015,Mechanisms and applications of cyclometalated Pt(ii) complexes in photoredox catalytic trifluoromethylation.,Chemical science,no ultra-high-dose-rate signature (rad signal=0),https://pubmed.ncbi.nlm.nih.gov/29560234/
25589341,2015,Photochemical properties of gemifloxacin: a laser flash photolysis study.,"Journal of photochemistry and photobiology. B, Biology",no ultra-high-dose-rate signature (rad signal=1),https://pubmed.ncbi.nlm.nih.gov/25589341/
25543054,2015,Protective effects of systemic treatment with methylprednisolone in a rodent model of non-arteritic anterior ischemic optic neuropathy (rAION).,Experimental eye research,no ultra-high-dose-rate signature (rad signal=0),https://pubmed.ncbi.nlm.nih.gov/25543054/
25523987,2015,"Solvent-free one-step photochemical hydroxylation of benzene derivatives by the singlet excited state of 2,3-Dichloro-5,6-dicyano-p-benzoquinone acting as a super oxidant.","Chemistry (Weinheim an der Bergstrasse, Germany)",no radiation signal + off-topic term: photocatal,https://pubmed.ncbi.nlm.nih.gov/25523987/
25463180,2015,The photochemistry of carbon nanotubes and its impact on the photo-degradation of dye pollutants in aqueous solutions.,Journal of colloid and interface science,no radiation signal + off-topic term: photochem,https://pubmed.ncbi.nlm.nih.gov/25463180/
25455674,2015,Mechanistic study of fulvic acid assisted propranolol photodegradation in aqueous solution.,Chemosphere,no ultra-high-dose-rate signature (rad signal=0),https://pubmed.ncbi.nlm.nih.gov/25455674/
25433071,2015,Photoreleasable ligands to study intracrine angiotensin II signalling.,The Journal of physiology,no ultra-high-dose-rate signature (rad signal=0),https://pubmed.ncbi.nlm.nih.gov/25433071/
25418033,2015,A caged substrate peptide for matrix metalloproteinases.,Photochemical & photobiological sciences : Official journal of the European Photochemistry Association and the European Society for Photobiology,no radiation signal + off-topic term: photochem,https://pubmed.ncbi.nlm.nih.gov/25418033/
25231233,2015,Microwave-assisted extraction of phycobiliproteins from Porphyridium purpureum.,Applied biochemistry and biotechnology,no radiation signal + off-topic term: chromatograph,https://pubmed.ncbi.nlm.nih.gov/25231233/
25158978,2015,Photodegradation of antibiotic 5-sulfaminouracil in the presence of vitamin B2: a kinetic study.,Redox report : communications in free radical research,no ultra-high-dose-rate signature (rad signal=0),https://pubmed.ncbi.nlm.nih.gov/25158978/
24981808,2015,Mechanistic analysis of cavitation assisted transesterification on biodiesel characteristics.,Ultrasonics sonochemistry,off-topic sense of 'flash': flash point,https://pubmed.ncbi.nlm.nih.gov/24981808/
25367793,2014,A mutation of Aspergillus niger for hyper-production of citric acid from corn meal hydrolysate in a bioreactor.,Journal of Zhejiang University. Science. B,no ultra-high-dose-rate signature (rad signal=0),https://pubmed.ncbi.nlm.nih.gov/25367793/
25197768,2014,Dictating photoreactivity through restricted bond rotations: cross-photoaddition of atropisomeric acrylimide derivatives under UV/visible-light irradiation.,The journal of physical chemistry. A,no radiation signal + off-topic term: photochem,https://pubmed.ncbi.nlm.nih.gov/25197768/
25172394,2014,Molecular design of recombinant scFv antibodies for site-specific photocoupling to β-cyclodextrin in solution and onto solid support.,Biochimica et biophysica acta,no radiation signal + off-topic term: photochem,https://pubmed.ncbi.nlm.nih.gov/25172394/
25163813,2014,Triplet sensitized photolysis of a vinyl azide: direct detection of a triplet vinyl azide and nitrene.,The Journal of organic chemistry,off-topic sense of 'flash': flash photolysis of,https://pubmed.ncbi.nlm.nih.gov/25163813/
25129761,2014,Hydroxyl radical-induced crosslinking and radiation-initiated hydrogel formation in dilute aqueous solutions of carboxymethylcellulose.,Carbohydrate polymers,no ultra-high-dose-rate signature (rad signal=0),https://pubmed.ncbi.nlm.nih.gov/25129761/
25113582,2014,Oxygenation by ruthenium monosubstituted polyoxotungstates in aqueous solution: experimental and computational dissection of a Ru(III)-Ru(V) catalytic cycle.,"Chemistry (Weinheim an der Bergstrasse, Germany)",no ultra-high-dose-rate signature (rad signal=0),https://pubmed.ncbi.nlm.nih.gov/25113582/
25058169,2014,"Chemistry and photochemistry of 2,6-bis(2-hydroxybenzilidene)cyclohexanone. An example of a compound following the anthocyanins network of chemical reactions.",The journal of physical chemistry. A,no radiation signal + off-topic term: photochem,https://pubmed.ncbi.nlm.nih.gov/25058169/
25046555,2014,"Trans-cis isomerization of vinylketones through triplet 1,2-biradicals.",The journal of physical chemistry. A,off-topic sense of 'flash': flash photolysis of,https://pubmed.ncbi.nlm.nih.gov/25046555/
24939233,2014,All-optical regulation of gene expression in targeted cells.,Scientific reports,no ultra-high-dose-rate signature (rad signal=0),https://pubmed.ncbi.nlm.nih.gov/24939233/
24916116,2014,Highly conductive copper nano/microparticles ink via flash light sintering for printed electronics.,Nanotechnology,no ultra-high-dose-rate signature (rad signal=0),https://pubmed.ncbi.nlm.nih.gov/24916116/
24911271,2014,Photochemical and photobiological studies on furoquinazolines as new psoralen analogs.,"Journal of photochemistry and photobiology. B, Biology",no radiation signal + off-topic term: photochem,https://pubmed.ncbi.nlm.nih.gov/24911271/
24892692,2014,4'-carboxy-7-hydroxyflavylium. A multistate system involving twelve species reversibly interconverted by pH and light stimuli.,The journal of physical chemistry. A,no ultra-high-dose-rate signature (rad signal=0),https://pubmed.ncbi.nlm.nih.gov/24892692/
24870752,2014,Health-related quality of life in women with breast cancer: a literature-based review of psychometric properties of breast cancer-specific measures.,Asian Pacific journal of cancer prevention : APJCP,off-topic sense of 'flash': hot flash,https://pubmed.ncbi.nlm.nih.gov/24870752/
24862455,2014,"Flavylium network of chemical reactions in confined media: modulation of 3',4',7-trihydroxyflavilium reactions by host-guest interactions with cucurbit[7]uril.",Chemphyschem : a European journal of chemical physics and physical chemistry,no ultra-high-dose-rate signature (rad signal=0),https://pubmed.ncbi.nlm.nih.gov/24862455/
24778742,2014,Metal and metal-free photocatalysts: mechanistic approach and application as photoinitiators of photopolymerization.,Beilstein journal of organic chemistry,off-topic title subject: photopolymeri,https://pubmed.ncbi.nlm.nih.gov/24778742/
24486080,2014,Synthesis and sonocatalytic property of rod-shape Sr(OH)2·8H2O.,Ultrasonics sonochemistry,no ultra-high-dose-rate signature (rad signal=0),https://pubmed.ncbi.nlm.nih.gov/24486080/
24456188,2014,3-Pyridazinylnitrenes and 2-pyrimidinylnitrenes.,The Journal of organic chemistry,no radiation signal + off-topic term: photochem,https://pubmed.ncbi.nlm.nih.gov/24456188/
24428309,2014,Excitation wavelength dependent O2 release from copper(II)-superoxide compounds: laser flash-photolysis experiments and theoretical studies.,Journal of the American Chemical Society,no ultra-high-dose-rate signature (rad signal=0),https://pubmed.ncbi.nlm.nih.gov/24428309/
24394661,2014,Photoreactivity of the fungicide chlorothalonil in aqueous medium.,Environmental science. Processes & impacts,no ultra-high-dose-rate signature (rad signal=0),https://pubmed.ncbi.nlm.nih.gov/24394661/
24364732,2014,Comparison of the photochemistry of 3-methyl-2-phenyl-2H-azirine and 2-methyl-3-phenyl-2H-azirine.,The Journal of organic chemistry,off-topic sense of 'flash': flash photolysis of,https://pubmed.ncbi.nlm.nih.gov/24364732/
24300996,2014,Perinaphthenone phototransformation in a model of leaf epicuticular waxes.,"Journal of photochemistry and photobiology. B, Biology",no radiation signal + off-topic term: photochem,https://pubmed.ncbi.nlm.nih.gov/24300996/
24081389,2014,Photooxygenation mechanisms in naproxen-amino acid linked systems.,Photochemical & photobiological sciences : Official journal of the European Photochemistry Association and the European Society for Photobiology,no ultra-high-dose-rate signature (rad signal=0),https://pubmed.ncbi.nlm.nih.gov/24081389/
23931185,2014,Photochemical Behavior and Photolysis of Protonated Forms of Levofloxacin.,Photochemistry and photobiology,no radiation signal + off-topic term: photochem,https://pubmed.ncbi.nlm.nih.gov/23931185/
24716183,2013,Integrating acupuncture into cancer care.,Journal of traditional and complementary medicine,off-topic sense of 'flash': hot flash,https://pubmed.ncbi.nlm.nih.gov/24716183/
24355852,2013,Peracetic acid for secondary effluent disinfection: a comprehensive performance assessment.,Water science and technology : a journal of the International Association on Water Pollution Research,no ultra-high-dose-rate signature (rad signal=0),https://pubmed.ncbi.nlm.nih.gov/24355852/
24112109,2013,A LOV-domain-mediated blue-light-activated adenylate (adenylyl) cyclase from the cyanobacterium Microcoleus chthonoplastes PCC 7420.,The Biochemical journal,no ultra-high-dose-rate signature (rad signal=0),https://pubmed.ncbi.nlm.nih.gov/24112109/
24061498,2013,"Photolysis of cycloxydim, a cyclohexanedione oxime herbicide. Detection, characterization and reactivity of the iminyl radical.",Photochemical & photobiological sciences : Official journal of the European Photochemistry Association and the European Society for Photobiology,no ultra-high-dose-rate signature (rad signal=0),https://pubmed.ncbi.nlm.nih.gov/24061498/
24057421,2013,Photosolvolysis of bulky (4-hydroxyphenyl)naphthalene derivatives.,Photochemical & photobiological sciences : Official journal of the European Photochemistry Association and the European Society for Photobiology,no radiation signal + off-topic term: photochem,https://pubmed.ncbi.nlm.nih.gov/24057421/
24050537,2013,"Emptying the β-cyclodextrin cavity by light: photochemical removal of the trans-chalcone of 4',7-dihydroxyflavylium.",The journal of physical chemistry. A,no radiation signal + off-topic term: photochem,https://pubmed.ncbi.nlm.nih.gov/24050537/
24036118,2013,Unusual spectral properties of bacteriophytochrome Agp2 result from a deprotonation of the chromophore in the red-absorbing form Pr.,The Journal of biological chemistry,no ultra-high-dose-rate signature (rad signal=0),https://pubmed.ncbi.nlm.nih.gov/24036118/
24022690,2013,Photochemistry and Cytotoxicity Evaluation of Heptamethinecyanine Near Infrared (NIR) Dyes.,International journal of molecular sciences,no radiation signal + off-topic term: photochem,https://pubmed.ncbi.nlm.nih.gov/24022690/
23922314,2013,Red-light-induced cationic photopolymerization: perylene derivatives as efficient photoinitiators.,Macromolecular rapid communications,off-topic title subject: photopolymeri,https://pubmed.ncbi.nlm.nih.gov/23922314/
23906777,2013,Photochemical degradation of sunscreen agent 2-phenylbenzimidazole-5-sulfonic acid in different water matrices.,Water research,no ultra-high-dose-rate signature (rad signal=1),https://pubmed.ncbi.nlm.nih.gov/23906777/
23869692,2013,"A fluorine 1,2-migration via aryl cation/radical/radical anion/radical sequence.",Organic letters,no ultra-high-dose-rate signature (rad signal=0),https://pubmed.ncbi.nlm.nih.gov/23869692/
23869544,2013,Water-soluble naphthalene diimides as singlet oxygen sensitizers.,The Journal of organic chemistry,no radiation signal + off-topic term: photochem,https://pubmed.ncbi.nlm.nih.gov/23869544/
23730875,2013,Behavior of drug excited states within macromolecules: binding of colchicine and derivatives to albumin.,The journal of physical chemistry. B,no ultra-high-dose-rate signature (rad signal=0),https://pubmed.ncbi.nlm.nih.gov/23730875/
23702900,2013,Flash photolysis and pulse radiolysis studies on elastin hydrolysates.,"Journal of photochemistry and photobiology. B, Biology",no ultra-high-dose-rate signature (rad signal=1),https://pubmed.ncbi.nlm.nih.gov/23702900/
23668297,2013,Balancing the risk of eye irritation from UV-C with infection from bioaerosols.,Photochemistry and photobiology,no ultra-high-dose-rate signature (rad signal=0),https://pubmed.ncbi.nlm.nih.gov/23668297/
23611019,2013,Impact of water on the cis-trans photoisomerization of hydroxychalcones.,The journal of physical chemistry. A,off-topic title subject: photoisomeri,https://pubmed.ncbi.nlm.nih.gov/23611019/
23581281,2013,Structural effects on the C-S bond cleavage in aryl tert-butyl sulfoxide radical cations.,The Journal of organic chemistry,no ultra-high-dose-rate signature (rad signal=0),https://pubmed.ncbi.nlm.nih.gov/23581281/
23320749,2013,"Thermodynamics, kinetics, and photochromism of oaklins: a recent family of deoxyanthocyanidins.",The journal of physical chemistry. B,no ultra-high-dose-rate signature (rad signal=0),https://pubmed.ncbi.nlm.nih.gov/23320749/
23305534,2013,"Photophysical and electrochemical investigations of the fluorescent probe, 4,4'-bis(2-benzoxazolyl)stilbene.",The journal of physical chemistry. A,no radiation signal + off-topic term: fluorescent probe,https://pubmed.ncbi.nlm.nih.gov/23305534/
23215255,2013,"Thiazolo[3,4-b]indazole-2,2-dioxides as masked extended dipoles: pericyclic reactions of benzodiazafulvenium methides.",The Journal of organic chemistry,off-topic sense of 'flash': flash vacuum pyrolysis,https://pubmed.ncbi.nlm.nih.gov/23215255/
22817341,2013,Photoinduced CC-coupling reactions of rigid diastereomeric benzophenone-methionine dyads.,Photochemistry and photobiology,no ultra-high-dose-rate signature (rad signal=0),https://pubmed.ncbi.nlm.nih.gov/22817341/
23138346,2012,In situ monitoring of flash-light sintering of copper nanoparticle ink for printed electronics.,Nanotechnology,no ultra-high-dose-rate signature (rad signal=0),https://pubmed.ncbi.nlm.nih.gov/23138346/
22907833,2012,Evidence of photoinduced charge separation in the metal-organic framework MIL-125(Ti)-NH2.,Chemphyschem : a European journal of chemical physics and physical chemistry,no radiation signal + off-topic term: metal-organic framework,https://pubmed.ncbi.nlm.nih.gov/22907833/
22852818,2012,Selective oxidative degradation of organic pollutants by singlet oxygen-mediated photosensitization: tin porphyrin versus C60 aminofullerene systems.,Environmental science & technology,no radiation signal + off-topic term: photocatal,https://pubmed.ncbi.nlm.nih.gov/22852818/
22849534,2012,Photogeneration of benzhydryl cations by near-UV laser flash photolysis of pyridinium salts.,The journal of physical chemistry. A,off-topic sense of 'flash': flash photolysis of,https://pubmed.ncbi.nlm.nih.gov/22849534/
28516649,2012,Poster - Thur Eve - 71: Improved dose accuracy for plan checking IMRT breast plans.,Medical physics,no ultra-high-dose-rate signature (rad signal=0),https://pubmed.ncbi.nlm.nih.gov/28516649/
22591218,2012,Photolytic generation of benzhydryl cations and radicals from quaternary phosphonium salts: how highly reactive carbocations survive their first nanoseconds.,Journal of the American Chemical Society,no radiation signal + off-topic term: photochem,https://pubmed.ncbi.nlm.nih.gov/22591218/
22543164,2012,Formation of a long-lived electron-transfer state in mesoporous silica-alumina composites enhances photocatalytic oxygenation reactivity.,Proceedings of the National Academy of Sciences of the United States of America,no radiation signal + off-topic term: photocatal,https://pubmed.ncbi.nlm.nih.gov/22543164/
22533612,2012,Sterically congested adamantylnaphthalene quinone methides.,The Journal of organic chemistry,no radiation signal + off-topic term: photochem,https://pubmed.ncbi.nlm.nih.gov/22533612/
22497296,2012,"Photoinduced radical processes on the spinel (MgAl2O4) surface involving methane, ammonia, and methane/ammonia.",Langmuir : the ACS journal of surfaces and colloids,no radiation signal + off-topic term: photochem,https://pubmed.ncbi.nlm.nih.gov/22497296/
22470972,2012,How is the water molecule activated on metalloporphyrins? Oxygenation of substrates induced through one-photon/two-electron conversion in artificial photosynthesis by visible light.,Faraday discussions,no radiation signal + off-topic term: photochem,https://pubmed.ncbi.nlm.nih.gov/22470972/
22429960,2012,In-cage and out-of-cage combinations of benzylic radical pairs in the glassy and melted states of poly(alkyl methacrylate)s.,Photochemical & photobiological sciences : Official journal of the European Photochemistry Association and the European Society for Photobiology,no ultra-high-dose-rate signature (rad signal=0),https://pubmed.ncbi.nlm.nih.gov/22429960/
22407590,2012,The effects of H-bonding and sterics on the photoreactivity of a trimethyl butyrophenone derivative.,Photochemical & photobiological sciences : Official journal of the European Photochemistry Association and the European Society for Photobiology,off-topic sense of 'flash': flash photolysis of,https://pubmed.ncbi.nlm.nih.gov/22407590/
22397717,2012,"Vinylidene-quinone methides, photochemical generation and β-silicon effect on reactivity.",The Journal of organic chemistry,no radiation signal + off-topic term: photochem,https://pubmed.ncbi.nlm.nih.gov/22397717/
22307091,2012,Reaction of the m-THPC triplet state with the antioxidant Trolox and the anesthetic Propofol: modulation of photosensitization mechanisms relevant to photodynamic therapy?,Photochemical & photobiological sciences : Official journal of the European Photochemistry Association and the European Society for Photobiology,off-topic sense of 'flash': flash photolysis of,https://pubmed.ncbi.nlm.nih.gov/22307091/
22212815,2012,Zwitterionic biphenyl quinone methides in photodehydration reactions of 3-hydroxybiphenyl derivatives: laser flash photolysis and antiproliferation study.,Photochemical & photobiological sciences : Official journal of the European Photochemistry Association and the European Society for Photobiology,no radiation signal + off-topic term: photochem,https://pubmed.ncbi.nlm.nih.gov/22212815/
22058070,2011,Microwave-assisted synthesis of colloidal inorganic nanocrystals.,Angewandte Chemie (International ed. in English),no ultra-high-dose-rate signature (rad signal=1),https://pubmed.ncbi.nlm.nih.gov/22058070/
22047469,2011,The role of triplet state keto-enol tautomerism in the photodeamination of metamitron.,The journal of physical chemistry. A,no ultra-high-dose-rate signature (rad signal=0),https://pubmed.ncbi.nlm.nih.gov/22047469/
22026405,2011,Synthesis and photochromism of naphthopyrans bearing naphthalimide chromophore: predominant thermal reversibility in color-fading and fluorescence switch.,The journal of physical chemistry. B,no ultra-high-dose-rate signature (rad signal=0),https://pubmed.ncbi.nlm.nih.gov/22026405/
22008723,2011,Sterically congested quinone methides in photodehydration reactions of 4-hydroxybiphenyl derivatives and investigation of their antiproliferative activity.,Photochemical & photobiological sciences : Official journal of the European Photochemistry Association and the European Society for Photobiology,no radiation signal + off-topic term: photochem,https://pubmed.ncbi.nlm.nih.gov/22008723/
21950599,2011,Photoreduction of chlorothalonil fungicide on plant leaf models.,Environmental science & technology,no radiation signal + off-topic term: photochem,https://pubmed.ncbi.nlm.nih.gov/21950599/
21942283,2011,Photochemical activation of ruthenium(II)-pyridylamine complexes having a pyridine-N-oxide pendant toward oxygenation of organic substrates.,Journal of the American Chemical Society,off-topic sense of 'flash': flash photolysis of,https://pubmed.ncbi.nlm.nih.gov/21942283/
21923146,2011,Potential phototoxicity of rosuvastatin mediated by its dihydrophenanthrene-like photoproduct.,Chemical research in toxicology,no ultra-high-dose-rate signature (rad signal=0),https://pubmed.ncbi.nlm.nih.gov/21923146/
21910731,2011,Distinguishing the parallel and vertical orientations and optic axis characteristics determination of azobenzene mesogen by conoscopic polarized microscopy.,Journal of microscopy,no ultra-high-dose-rate signature (rad signal=0),https://pubmed.ncbi.nlm.nih.gov/21910731/
21894937,2011,Triplet-sensitized photoreactivity of a geminal diazidoalkane.,The Journal of organic chemistry,no ultra-high-dose-rate signature (rad signal=0),https://pubmed.ncbi.nlm.nih.gov/21894937/
21833435,2011,Photophysics and photochemistry of aflatoxins B1 and B2.,Photochemical & photobiological sciences : Official journal of the European Photochemistry Association and the European Society for Photobiology,no radiation signal + off-topic term: photochem,https://pubmed.ncbi.nlm.nih.gov/21833435/
21793062,2011,Probing lipid peroxidation by using linoleic acid and benzophenone.,"Chemistry (Weinheim an der Bergstrasse, Germany)",no radiation signal + off-topic term: photochem,https://pubmed.ncbi.nlm.nih.gov/21793062/
21732657,2011,Photolysis of (3-methyl-2H-azirin-2-yl)-phenylmethanone: direct detection of a triplet vinylnitrene intermediate.,The Journal of organic chemistry,off-topic sense of 'flash': flash photolysis of,https://pubmed.ncbi.nlm.nih.gov/21732657/
21718021,2011,Preventing the formation of the long-lived colored transoid-trans photoisomer in photochromic benzopyrans.,Organic letters,no radiation signal + off-topic term: photochem,https://pubmed.ncbi.nlm.nih.gov/21718021/
21552166,2011,Changes in self-reported hot flashes and their association with concurrent changes in insomnia symptoms among women with breast cancer.,"Menopause (New York, N.Y.)",curator override: manually excluded,https://pubmed.ncbi.nlm.nih.gov/21552166/
21491537,2011,Decatungstate (W10O32(4-))/silane: a new and promising radical source under soft light irradiation.,Macromolecular rapid communications,no ultra-high-dose-rate signature (rad signal=0),https://pubmed.ncbi.nlm.nih.gov/21491537/
21425810,2011,Quinone methide generation via photoinduced electron transfer.,The Journal of organic chemistry,no radiation signal + off-topic term: photochem,https://pubmed.ncbi.nlm.nih.gov/21425810/
21356144,2011,Establishing an experimental model of photodynamically induced anterior ischemic optic neuropathy.,Visual neuroscience,no ultra-high-dose-rate signature (rad signal=0),https://pubmed.ncbi.nlm.nih.gov/21356144/
21344523,2011,Visible light-induced release of nitrogen monoxide from a nitrosylrhodium complex.,"Chemistry (Weinheim an der Bergstrasse, Germany)",no radiation signal + off-topic term: photochem,https://pubmed.ncbi.nlm.nih.gov/21344523/
21324616,2011,Bioterrorism: the effects of biological decontamination on the recovery of electronic evidence.,Forensic science international,no ultra-high-dose-rate signature (rad signal=0),https://pubmed.ncbi.nlm.nih.gov/21324616/
21294821,2011,Flash infrared radiation disinfection of fibrous filters contaminated with bioaerosols.,Journal of applied microbiology,no ultra-high-dose-rate signature (rad signal=0),https://pubmed.ncbi.nlm.nih.gov/21294821/
21280633,2011,Enhancement of the catalytic activity of supported gold nanoparticles for the Fenton reaction by light.,Journal of the American Chemical Society,off-topic sense of 'flash': flash photolysis of,https://pubmed.ncbi.nlm.nih.gov/21280633/
20883047,2010,"Photoenolization-induced oxirane ring opening in 2,5-dimethylbenzoyl oxiranes to form pharmaceutically promising indanone derivatives.",The Journal of organic chemistry,no radiation signal + off-topic term: photochem,https://pubmed.ncbi.nlm.nih.gov/20883047/
20863115,2010,Photogeneration and reactivity of naphthoquinone methides as purine selective DNA alkylating agents.,Journal of the American Chemical Society,no radiation signal + off-topic term: chromatograph,https://pubmed.ncbi.nlm.nih.gov/20863115/
20853882,2010,Electron transfer from oligothiophenes in the higher triplet excited states.,The journal of physical chemistry. A,no ultra-high-dose-rate signature (rad signal=0),https://pubmed.ncbi.nlm.nih.gov/20853882/
20849107,2010,Cyanocarbanion-based spin-crossover materials: photocrystallographic and photomagnetic studies of a new iron(II) neutral chain.,Inorganic chemistry,no ultra-high-dose-rate signature (rad signal=0),https://pubmed.ncbi.nlm.nih.gov/20849107/
20732707,2010,Effect of dissolved organic compounds on the photodegradation of the herbicide MCPA in aqueous solution.,Water research,no ultra-high-dose-rate signature (rad signal=0),https://pubmed.ncbi.nlm.nih.gov/20732707/
20695469,2010,Enhanced photostability of the anthracene chromophore in aqueous medium upon protein encapsulation.,The journal of physical chemistry. B,off-topic sense of 'flash': flash photolysis of,https://pubmed.ncbi.nlm.nih.gov/20695469/
20692009,2010,Degradation of thiacloprid in aqueous solution by UV and UV/H2O2 treatments.,Chemosphere,no radiation signal + off-topic term: photocatal,https://pubmed.ncbi.nlm.nih.gov/20692009/
20691601,2010,"Studies on preparation and photodynamic mechanism of chlorin P6-13,15-N-(cyclohexyl)cycloimide (Chlorin-H) and its antitumor effect for photodynamic therapy in vitro and in vivo.",Bioorganic & medicinal chemistry,no radiation signal + off-topic term: photochem,https://pubmed.ncbi.nlm.nih.gov/20691601/
20687143,2010,Water stable Zr-benzenedicarboxylate metal-organic frameworks as photocatalysts for hydrogen generation.,"Chemistry (Weinheim an der Bergstrasse, Germany)",no radiation signal + off-topic term: photocatal,https://pubmed.ncbi.nlm.nih.gov/20687143/
20661497,2010,Fast and ultrafast spectroscopic investigation of tetracycline derivatives in organic and aqueous media.,Physical chemistry chemical physics : PCCP,no ultra-high-dose-rate signature (rad signal=0),https://pubmed.ncbi.nlm.nih.gov/20661497/
20540105,2010,Flash nano-welding: investigation and control of the photothermal response of ultrathin bismuth sulfide nanowire films.,"Advanced materials (Deerfield Beach, Fla.)",no radiation signal + off-topic term: flash nano,https://pubmed.ncbi.nlm.nih.gov/20540105/
20442954,2010,Photochemical deuterium exchange in phenyl-substituted pyrroles and indoles in CD3CN-D2O.,Photochemical & photobiological sciences : Official journal of the European Photochemistry Association and the European Society for Photobiology,no radiation signal + off-topic term: photochem,https://pubmed.ncbi.nlm.nih.gov/20442954/
20441154,2010,Direct site-directed photocoupling of proteins onto surfaces coated with beta-cyclodextrins.,Langmuir : the ACS journal of surfaces and colloids,no radiation signal + off-topic term: photochem,https://pubmed.ncbi.nlm.nih.gov/20441154/
20423160,2010,"Experimental and theoretical (DFT) characterization of the excited states and N-centered radical species derived from 2-aminobenzimidazole, the core substructure of a family of bioactive compounds.",The journal of physical chemistry. B,no ultra-high-dose-rate signature (rad signal=0),https://pubmed.ncbi.nlm.nih.gov/20423160/
20304766,2010,"Photon energy dependence of three fortuitous dosemeters from personal electronic devices, measured by optically stimulated luminescence.",Radiation protection dosimetry,no ultra-high-dose-rate signature (rad signal=0),https://pubmed.ncbi.nlm.nih.gov/20304766/
20221458,2010,The pH-dependent photochemistry of anthraquinone-2-sulfonate.,Photochemical & photobiological sciences : Official journal of the European Photochemistry Association and the European Society for Photobiology,no radiation signal + off-topic term: photochem,https://pubmed.ncbi.nlm.nih.gov/20221458/
20221455,2010,Characterization of the 4'-hydroxynaphthoflavylium network of chemical reactions.,Photochemical & photobiological sciences : Official journal of the European Photochemistry Association and the European Society for Photobiology,no radiation signal + off-topic term: photochem,https://pubmed.ncbi.nlm.nih.gov/20221455/
20113429,2010,Photoreaction cycle of phoborhodopsin (sensory rhodopsin II) from Halobacterium salinarum expressed in Escherichia coli.,Photochemistry and photobiology,no radiation signal + off-topic term: photochem,https://pubmed.ncbi.nlm.nih.gov/20113429/
20074210,2010,Dynamics of flavin semiquinone protolysis in L-alpha-hydroxyacid-oxidizing flavoenzymes--a study using nanosecond laser flash photolysis.,The FEBS journal,no radiation signal + off-topic term: photochem,https://pubmed.ncbi.nlm.nih.gov/20074210/
21977394,2010,Flash laser annealing for controlling size and shape of magnetic alloy nanoparticles.,Beilstein journal of nanotechnology,no radiation signal + off-topic term: thin film,https://pubmed.ncbi.nlm.nih.gov/21977394/
19947973,2010,Reaction pathways for the photodegradation of the organophosphorus cyanophos in aqueous solutions.,Photochemistry and photobiology,no radiation signal + off-topic term: photochem,https://pubmed.ncbi.nlm.nih.gov/19947973/
19819179,2010,Improved synthesis of sucrose fatty acid monoesters under ultrasonic irradiation.,Ultrasonics sonochemistry,off-topic sense of 'flash': flash column,https://pubmed.ncbi.nlm.nih.gov/19819179/
19810686,2010,Steady-state and time-resolved studies of the photocleavage of lysozyme by Co(III) complexes.,Langmuir : the ACS journal of surfaces and colloids,no ultra-high-dose-rate signature (rad signal=0),https://pubmed.ncbi.nlm.nih.gov/19810686/
20098549,2009,Different intensity extension methods and their impact on entrance dose in breast radiotherapy: A study.,Journal of medical physics,off-topic sense of 'flash': virtual bolus,https://pubmed.ncbi.nlm.nih.gov/20098549/
19921883,2009,Formation of chlorinated intermediate from bisphenol A in surface saline water under simulated solar light irradiation.,Environmental science & technology,no radiation signal + off-topic term: photochem,https://pubmed.ncbi.nlm.nih.gov/19921883/
19789807,2009,Photocycloaddition of the T1 excited state of thioinosine to uridine and adenosine.,Photochemical & photobiological sciences : Official journal of the European Photochemistry Association and the European Society for Photobiology,off-topic title subject: cycloadd,https://pubmed.ncbi.nlm.nih.gov/19789807/
19727465,2009,Photochemistry of gold nanoparticles functionalized with an iron(II) terpyridine complex. An integrated visible light photocatalyst for hydrogen generation.,"Dalton transactions (Cambridge, England : 2003)",no radiation signal + off-topic term: photocatal,https://pubmed.ncbi.nlm.nih.gov/19727465/
19711386,2009,Change in the site of electron-transfer reduction of a zinc-quinoxalinoporphyrin/gold-quinoxalinoporphyrin dyad by binding of scandium ions and the resulting remarkable elongation of the charge-shifted-state lifetime.,"Chemistry (Weinheim an der Bergstrasse, Germany)",no ultra-high-dose-rate signature (rad signal=0),https://pubmed.ncbi.nlm.nih.gov/19711386/
19650661,2009,Photochemical generation and the reactivity of o-naphthoquinone methides in aqueous solutions.,Journal of the American Chemical Society,off-topic sense of 'flash': flash photolysis of,https://pubmed.ncbi.nlm.nih.gov/19650661/
19610628,2009,"On the mechanism of photochromism of 4'-N,N-dimethylamino-7-hydroxyflavylium in pluronic F127.",The journal of physical chemistry. B,no radiation signal + off-topic term: photochem,https://pubmed.ncbi.nlm.nih.gov/19610628/
19582278,2009,Reactivity of hydroxyl radicals with neonicotinoid insecticides: mechanism and changes in toxicity.,Photochemical & photobiological sciences : Official journal of the European Photochemistry Association and the European Society for Photobiology,no ultra-high-dose-rate signature (rad signal=0),https://pubmed.ncbi.nlm.nih.gov/19582278/
19462393,2009,Photonucleophilic addition of the epsilon-amino group of lysine to a triflusal metabolite as a mechanistic key to photoallergy mediated by the parent drug.,ChemMedChem,no ultra-high-dose-rate signature (rad signal=0),https://pubmed.ncbi.nlm.nih.gov/19462393/
19432412,2009,Microwave flash pyrolysis.,The Journal of organic chemistry,off-topic sense of 'flash': flash vacuum pyrolysis,https://pubmed.ncbi.nlm.nih.gov/19432412/
19249838,2009,Photolabile protecting groups based on the singlet state photodecarboxylation of xanthone acetic acid.,Journal of the American Chemical Society,no radiation signal + off-topic term: photochem,https://pubmed.ncbi.nlm.nih.gov/19249838/
19240332,2009,Room-temperature scavengers for macromolecular crystallography: increased lifetimes and modified dose dependence of the intensity decay.,Journal of synchrotron radiation,no ultra-high-dose-rate signature (rad signal=1),https://pubmed.ncbi.nlm.nih.gov/19240332/
19199572,2009,Mechanism of chromophore assisted laser inactivation employing fluorescent proteins.,Analytical chemistry,no ultra-high-dose-rate signature (rad signal=0),https://pubmed.ncbi.nlm.nih.gov/19199572/
19115876,2009,"Photochromism of 7,4'-dihydroxyflavylium in an AOT reversed micelle system.",Langmuir : the ACS journal of surfaces and colloids,no ultra-high-dose-rate signature (rad signal=0),https://pubmed.ncbi.nlm.nih.gov/19115876/
19115813,2009,Photochemistry of 7-hydroxy-2-(4-hydroxystyryl)-1-benzopyrylium and related compounds.,The journal of physical chemistry. B,no radiation signal + off-topic term: photochem,https://pubmed.ncbi.nlm.nih.gov/19115813/
19114106,2009,Implementation of a flash-photolysis system for time-resolved cryo-electron microscopy.,Journal of structural biology,no ultra-high-dose-rate signature (rad signal=0),https://pubmed.ncbi.nlm.nih.gov/19114106/
19081981,2009,Microsecond charge separation upon photoexcitation of gold nanoparticles in imidazolium ionic liquids.,"Dalton transactions (Cambridge, England : 2003)",no ultra-high-dose-rate signature (rad signal=0),https://pubmed.ncbi.nlm.nih.gov/19081981/
19062165,2009,Transient and steady-state photolysis of p-nitroaniline in aqueous solution.,Journal of hazardous materials,no ultra-high-dose-rate signature (rad signal=0),https://pubmed.ncbi.nlm.nih.gov/19062165/
18989938,2009,A mechanistic study on the phototoxicity of atorvastatin: singlet oxygen generation by a phenanthrene-like photoproduct.,Chemical research in toxicology,off-topic sense of 'flash': flash photolysis of,https://pubmed.ncbi.nlm.nih.gov/18989938/
18673327,2009,"A blocked diketo form of avobenzone: photostability, photosensitizing properties and triplet quenching by a triazine-derived UVB-filter.",Photochemistry and photobiology,no radiation signal + off-topic term: photochem,https://pubmed.ncbi.nlm.nih.gov/18673327/
19082029,2008,"Long-lived (minutes) photoinduced charge separation in a structured periodic mesoporous titania containing 2,4,6-triphenylpyrylium as guest.","Dalton transactions (Cambridge, England : 2003)",no ultra-high-dose-rate signature (rad signal=0),https://pubmed.ncbi.nlm.nih.gov/19082029/
19031904,2008,Removal of ammonia by OH radical in aqueous phase.,Environmental science & technology,no ultra-high-dose-rate signature (rad signal=0),https://pubmed.ncbi.nlm.nih.gov/19031904/
18928265,2008,Properties of excited radical cations of substituted oligothiophenes.,The journal of physical chemistry. A,no ultra-high-dose-rate signature (rad signal=0),https://pubmed.ncbi.nlm.nih.gov/18928265/
18761373,2008,A Micro-Electrode Array device coupled to a laser-based system for the local stimulation of neurons by optical release of glutamate.,Journal of neuroscience methods,off-topic sense of 'flash': flash photolysis of,https://pubmed.ncbi.nlm.nih.gov/18761373/
18703583,2008,The use of a portable electronic device in accident dosimetry.,Radiation protection dosimetry,no ultra-high-dose-rate signature (rad signal=1),https://pubmed.ncbi.nlm.nih.gov/18703583/
18686948,2008,Ab initio study of the mechanism for photoinduced Yl-oxygen exchange in uranyl(VI) in acidic aqueous solution.,Journal of the American Chemical Society,no radiation signal + off-topic term: photochem,https://pubmed.ncbi.nlm.nih.gov/18686948/
18671358,2008,Cis-trans photoisomerization of fluorescent-protein chromophores.,The journal of physical chemistry. B,off-topic title subject: photoisomeri,https://pubmed.ncbi.nlm.nih.gov/18671358/
18642940,2008,"Structure, photophysical property, and cytotoxicity of human serum albumin complexed with tris(dicarboxymethylene)[60]fullerene.",Bioconjugate chemistry,no radiation signal + off-topic term: photochem,https://pubmed.ncbi.nlm.nih.gov/18642940/
18642837,2008,Photodegradation of the acaricide abamectin: a kinetic study.,Journal of agricultural and food chemistry,no radiation signal + off-topic term: photochem,https://pubmed.ncbi.nlm.nih.gov/18642837/
18578497,2008,Photosensitized oxidation of alkyl phenyl sulfoxides. C-S bond cleavage in alkyl phenyl sulfoxide radical cations.,The Journal of organic chemistry,no ultra-high-dose-rate signature (rad signal=0),https://pubmed.ncbi.nlm.nih.gov/18578497/
18543881,2008,Photoinduced electron transfer via nonbuttressed metal-metal bonds. The photochemical study of binuclear complexes with platinum-thallium bonds.,The journal of physical chemistry. A,no radiation signal + off-topic term: photochem,https://pubmed.ncbi.nlm.nih.gov/18543881/
18522134,2008,Mechanism of C60 photoreactivity in water: fate of triplet state and radical anion and production of reactive oxygen species.,Environmental science & technology,no ultra-high-dose-rate signature (rad signal=0),https://pubmed.ncbi.nlm.nih.gov/18522134/
18507380,2008,Trapping and structural elucidation of a very advanced intermediate in the lesion-extrusion pathway of hOGG1.,Journal of the American Chemical Society,no ultra-high-dose-rate signature (rad signal=0),https://pubmed.ncbi.nlm.nih.gov/18507380/
18290662,2008,Photocyclization of iminyl radicals: theoretical study and photochemical aspects.,The Journal of organic chemistry,no radiation signal + off-topic term: photochem,https://pubmed.ncbi.nlm.nih.gov/18290662/
18278877,2008,Laser flash photolysis generation of high-valent transition metal-oxo species: insights from kinetic studies in real time.,Accounts of chemical research,no radiation signal + off-topic term: photochem,https://pubmed.ncbi.nlm.nih.gov/18278877/
18264594,2008,Photochemical reactions of 4-thiouridine disulfide and 4-benzylthiouridine--the involvement of the 4-pyrimidinylthiyl radical.,Photochemical & photobiological sciences : Official journal of the European Photochemistry Association and the European Society for Photobiology,no radiation signal + off-topic term: photochem,https://pubmed.ncbi.nlm.nih.gov/18264594/
18225880,2008,Charge separation in acridine- and phenothiazine-modified DNA.,The journal of physical chemistry. B,off-topic sense of 'flash': flash photolysis of,https://pubmed.ncbi.nlm.nih.gov/18225880/
18220262,2008,Investigation of selective retina treatment (SRT) by means of 8 ns laser pulses in a rabbit model.,Lasers in surgery and medicine,no ultra-high-dose-rate signature (rad signal=1),https://pubmed.ncbi.nlm.nih.gov/18220262/
18187404,2008,An improved LC-MS/MS procedure for brain prostanoid analysis using brain fixation with head-focused microwave irradiation and liquid-liquid extraction.,Journal of lipid research,no radiation signal + off-topic term: chromatograph,https://pubmed.ncbi.nlm.nih.gov/18187404/
18075700,2008,Anomalous reactivity of radical cations produced by photosensitized oxidation of 4-methoxybenzyl alcohol derivatives: role of the sensitizer.,Physical chemistry chemical physics : PCCP,no radiation signal + off-topic term: photochem,https://pubmed.ncbi.nlm.nih.gov/18075700/
17943704,2008,"Modeling the photochemistry of the reference phototoxic drug lomefloxacin by steady-state and time-resolved experiments, and DFT and post-HF calculations.","Chemistry (Weinheim an der Bergstrasse, Germany)",no radiation signal + off-topic term: photochem,https://pubmed.ncbi.nlm.nih.gov/17943704/
18047263,2007,BINOL-amino acid conjugates as triggerable carriers of DNA-targeted potent photocytotoxic agents.,Journal of medicinal chemistry,no ultra-high-dose-rate signature (rad signal=0),https://pubmed.ncbi.nlm.nih.gov/18047263/
18028216,2007,"Photophysical properties and photobiological behavior of amodiaquine, primaquine and chloroquine.",Photochemistry and photobiology,no radiation signal + off-topic term: photochem,https://pubmed.ncbi.nlm.nih.gov/18028216/
17880521,2007,Light-driven horseradish peroxidase cycle by using photo-activated methylene blue as the reducing agent.,Photochemistry and photobiology,no radiation signal + off-topic term: photochem,https://pubmed.ncbi.nlm.nih.gov/17880521/
17824596,2007,Intramolecular triplet energy transfer via higher triplet excited state during stepwise two-color two-laser irradiation.,The journal of physical chemistry. A,no ultra-high-dose-rate signature (rad signal=0),https://pubmed.ncbi.nlm.nih.gov/17824596/
17721600,2007,"Efficient photochromism from the network of chemical reactions of 7,4'-dihydroxyflavylium in CTAB micelles.",Photochemical & photobiological sciences : Official journal of the European Photochemistry Association and the European Society for Photobiology,no radiation signal + off-topic term: photochem,https://pubmed.ncbi.nlm.nih.gov/17721600/
17676147,2007,Assessment of space radiation effects on solid-state Brillouin phase conjugate mirrors.,Applied optics,no ultra-high-dose-rate signature (rad signal=0),https://pubmed.ncbi.nlm.nih.gov/17676147/
17658732,2007,Spectroscopic and density functional theory studies of the molecular geometry and electronic structure of classical and nonclassical radical ions derived from 7-benzhydrylidenenorbornene analogues.,The journal of physical chemistry. A,no ultra-high-dose-rate signature (rad signal=0),https://pubmed.ncbi.nlm.nih.gov/17658732/
17655357,2007,"Photoinduced C-N bond cleavage in 2-azido-1,3-diphenyl-propan-1-one derivatives: photorelease of hydrazoic acid.",The Journal of organic chemistry,no radiation signal + off-topic term: photochem,https://pubmed.ncbi.nlm.nih.gov/17655357/
17645295,2007,Evaluation of a flash disinfection process for surface decontamination of gamma-irradiated feed packaging.,Journal of the American Association for Laboratory Animal Science : JAALAS,no radiation signal + off-topic term: chromatograph,https://pubmed.ncbi.nlm.nih.gov/17645295/
17531497,2007,Methodological considerations regarding the use of inorganic 197Hg(II) radiotracer to assess mercury methylation potential rates in lake sediment.,"Applied radiation and isotopes : including data, instrumentation and methods for use in agriculture, industry and medicine",no ultra-high-dose-rate signature (rad signal=0),https://pubmed.ncbi.nlm.nih.gov/17531497/
17440599,2007,[Clinical study of aromatase inhibitors in advanced breast cancer].,Beijing da xue xue bao. Yi xue ban = Journal of Peking University. Health sciences,off-topic sense of 'flash': hot flash,https://pubmed.ncbi.nlm.nih.gov/17440599/
17411044,2007,"Functional molecules from single wall carbon nanotubes. Photoinduced solubility of short single wall carbon nanotube residues by covalent anchoring of 2,4,6-triarylpyrylium units.",Journal of the American Chemical Society,off-topic sense of 'flash': flash photolysis of,https://pubmed.ncbi.nlm.nih.gov/17411044/
17396648,2007,Production of hydrated electrons from photoionization of dissolved organic matter in natural waters.,Environmental science & technology,no radiation signal + off-topic term: photochem,https://pubmed.ncbi.nlm.nih.gov/17396648/
17306219,2007,Sensitized photoinactivation of minigramicidin channels in bilayer lipid membranes.,Biochimica et biophysica acta,no ultra-high-dose-rate signature (rad signal=0),https://pubmed.ncbi.nlm.nih.gov/17306219/
17278520,2007,Effect of respiratory motion on the delivery of breast radiotherapy using SMLC intensity modulation.,Medical physics,off-topic sense of 'flash': virtual bolus,https://pubmed.ncbi.nlm.nih.gov/17278520/
17243656,2007,"Laser flash photolysis of 1,2-diketopyracene and a theoretical study of the phenolic hydrogen abstraction by the triplet state of cyclic alpha-diketones.",The journal of physical chemistry. A,off-topic sense of 'flash': flash photolysis of,https://pubmed.ncbi.nlm.nih.gov/17243656/
17200736,2007,"2,5-Dimethylphenacyl carbamate: a photoremovable protecting group for amines and amino acids.",Photochemical & photobiological sciences : Official journal of the European Photochemistry Association and the European Society for Photobiology,no radiation signal + off-topic term: photochem,https://pubmed.ncbi.nlm.nih.gov/17200736/
17345978,2006,Re-training and switching of PD system to reduce recurrent gram-positive PD peritonitis.,Journal of renal care,no ultra-high-dose-rate signature (rad signal=0),https://pubmed.ncbi.nlm.nih.gov/17345978/
17144289,2006,Aqueous oxidation of phenylurea herbicides by triplet aromatic ketones.,Environmental science & technology,no ultra-high-dose-rate signature (rad signal=0),https://pubmed.ncbi.nlm.nih.gov/17144289/
17134231,2006,Novel bifunctional viologen-linked pyrene conjugates: Synthesis and study of their interactions with nucleosides and DNA.,The journal of physical chemistry. B,no radiation signal + off-topic term: photochem,https://pubmed.ncbi.nlm.nih.gov/17134231/
17077903,2006,"Photochemistry of 2,6-diisopropylphenol (propofol).",Photochemical & photobiological sciences : Official journal of the European Photochemistry Association and the European Society for Photobiology,no radiation signal + off-topic term: chromatograph,https://pubmed.ncbi.nlm.nih.gov/17077903/
17044094,2006,Optical clearing of skin using flash lamp-induced enhancement of epidermal permeability.,Lasers in surgery and medicine,no ultra-high-dose-rate signature (rad signal=0),https://pubmed.ncbi.nlm.nih.gov/17044094/
17025294,2006,Photochemistry of 2-alkoxymethyl-5-methylphenacyl chloride and benzoate.,The Journal of organic chemistry,no radiation signal + off-topic term: photochem,https://pubmed.ncbi.nlm.nih.gov/17025294/
17019476,2006,Flavin-induced photodecomposition of sulfur-containing amino acids is decisive in the formation of beer lightstruck flavor.,Photochemical & photobiological sciences : Official journal of the European Photochemistry Association and the European Society for Photobiology,no radiation signal + off-topic term: chromatograph,https://pubmed.ncbi.nlm.nih.gov/17019476/
17010522,2006,Double roles of hydroxycinnamic acid derivatives in protection against lysozyme oxidation.,Biochimica et biophysica acta,no radiation signal + off-topic term: photochem,https://pubmed.ncbi.nlm.nih.gov/17010522/
16820854,2006,Reactivity of halides with triplets of 6-chloro and 6-bromopicolinic acids: contrasting effects of bromide and chloride.,Photochemical & photobiological sciences : Official journal of the European Photochemistry Association and the European Society for Photobiology,no ultra-high-dose-rate signature (rad signal=0),https://pubmed.ncbi.nlm.nih.gov/16820854/
16820853,2006,Surface photochemistry: benzophenone as a probe for the study of silica and reversed-phase silica surfaces.,Photochemical & photobiological sciences : Official journal of the European Photochemistry Association and the European Society for Photobiology,no radiation signal + off-topic term: chromatograph,https://pubmed.ncbi.nlm.nih.gov/16820853/
16800699,2006,Acceleration of laser-induced formation of gold nanoparticles in a poly(vinyl alcohol) film.,Langmuir : the ACS journal of surfaces and colloids,no radiation signal + off-topic term: photochem,https://pubmed.ncbi.nlm.nih.gov/16800699/
16800546,2006,Photochemically generated stable cation radical of phenothiazine aggregates in mildly acid buffered solutions.,The journal of physical chemistry. B,no radiation signal + off-topic term: photochem,https://pubmed.ncbi.nlm.nih.gov/16800546/
19516717,2006,Large spectral blue shifts in intense laser irradiation of microdroplets.,Optics express,no ultra-high-dose-rate signature (rad signal=0),https://pubmed.ncbi.nlm.nih.gov/19516717/
16763876,2006,New multichannel kinetic spectrophotometer-fluorimeter with pulsed measuring beam for photosynthesis research.,Photosynthesis research,no ultra-high-dose-rate signature (rad signal=0),https://pubmed.ncbi.nlm.nih.gov/16763876/
16568499,2006,Electron spin resonance study of radicals generated in cellulose/N-methylmorpholine solutions after flash photolysis at 77 K.,Magnetic resonance in chemistry : MRC,no radiation signal + off-topic term: chromatograph,https://pubmed.ncbi.nlm.nih.gov/16568499/
16539406,2006,Photocatalytic oxygenation of pivalic acid with molecular oxygen via photoinduced electron transfer using 10-methylacridinium ions.,The journal of physical chemistry. A,no radiation signal + off-topic term: photocatal,https://pubmed.ncbi.nlm.nih.gov/16539406/
16524267,2006,Photodecarboxylation of xanthone acetic acids: C-C bond heterolysis from the singlet excited state.,Organic letters,no ultra-high-dose-rate signature (rad signal=0),https://pubmed.ncbi.nlm.nih.gov/16524267/
16504532,2006,Flash photolysis and pulse radiolysis studies on collagen Type I in acetic acid solution.,"Journal of photochemistry and photobiology. B, Biology",no ultra-high-dose-rate signature (rad signal=1),https://pubmed.ncbi.nlm.nih.gov/16504532/
16471905,2006,"Visible photooxidation of dibenzothiophenes sensitized by 2-(4-methoxyphenyl)-4, 6-diphenylpyrylium: an electron transfer mechanism without involvement of superoxide.",The journal of physical chemistry. B,no radiation signal + off-topic term: photochem,https://pubmed.ncbi.nlm.nih.gov/16471905/
16471514,2006,TiC nanocrystal formation from carburization of laser-grown Ti/O/C nanopowders for nanostructured ceramics.,The journal of physical chemistry. B,off-topic sense of 'flash': flash sintering,https://pubmed.ncbi.nlm.nih.gov/16471514/
16468797,2006,"Methoxy-substituted stilbenes, styrenes, and 1-arylpropenes: photophysical properties and photoadditions of alcohols.",The Journal of organic chemistry,off-topic sense of 'flash': flash photolysis of,https://pubmed.ncbi.nlm.nih.gov/16468797/
16464603,2006,Relationship between the organization of the PS II super complex and the functions of the photosynthetic apparatus.,"Journal of photochemistry and photobiology. B, Biology",no ultra-high-dose-rate signature (rad signal=0),https://pubmed.ncbi.nlm.nih.gov/16464603/
16388652,2006,Multistate pi switches: synthesis and photochemistry of a molecule containing three switchable annelated dihydropyrene units.,The Journal of organic chemistry,no radiation signal + off-topic term: photochem,https://pubmed.ncbi.nlm.nih.gov/16388652/
16358350,2006,One-electron redox processes during polyoxometalate-mediated photocatalytic reactions of TiO(2) studied by two-color two-laser flash photolysis.,"Chemistry (Weinheim an der Bergstrasse, Germany)",no radiation signal + off-topic term: photocatal,https://pubmed.ncbi.nlm.nih.gov/16358350/
16097860,2006,Photoreduction of Ru(bpy)(3)2+ by amines in aqueous solution. Kinetics characterization of a long-lived nonemitting excited state.,Photochemistry and photobiology,no radiation signal + off-topic term: photochem,https://pubmed.ncbi.nlm.nih.gov/16097860/
15869328,2006,Photoreaction between benzoylthiophenes and N-BOC-tryptophan methyl ester.,Photochemistry and photobiology,no radiation signal + off-topic term: photochem,https://pubmed.ncbi.nlm.nih.gov/15869328/
16851409,2005,Photochemical generation of electrons and holes in germanium-containing ITQ-17 zeolite.,The journal of physical chemistry. B,off-topic sense of 'flash': flash photolysis of,https://pubmed.ncbi.nlm.nih.gov/16851409/
16838937,2005,"Selective oxygenation of 4,4'-dimethylbiphenyl with molecular oxygen, catalyzed by 9-phenyl-10-methylacridinium ion via photoinduced electron transfer.",The journal of physical chemistry. A,no radiation signal + off-topic term: photocatal,https://pubmed.ncbi.nlm.nih.gov/16838937/
16833953,2005,Study of photoinduced electron transfer between [60]fullerene and proton-sponge by laser flash photolysis: addition effects of organic acid.,The journal of physical chemistry. A,no ultra-high-dose-rate signature (rad signal=0),https://pubmed.ncbi.nlm.nih.gov/16833953/
16833934,2005,C-O bond cleavage of benzophenone substituted by 4-CH2OR (R = C6H5 and CH3) with stepwise two-photon excitation.,The journal of physical chemistry. A,no ultra-high-dose-rate signature (rad signal=0),https://pubmed.ncbi.nlm.nih.gov/16833934/
16833695,2005,Stepwise photocleavage of C-O bonds of bis(substituted-methyl)naphthalenes with stepwise excitation by two-color two-laser and three-color three-laser irradiations.,The journal of physical chemistry. A,no ultra-high-dose-rate signature (rad signal=0),https://pubmed.ncbi.nlm.nih.gov/16833695/
16382940,2005,Photosensitizer method to determine rate constants for the reaction of carbonate radical with organic compounds.,Environmental science & technology,no ultra-high-dose-rate signature (rad signal=0),https://pubmed.ncbi.nlm.nih.gov/16382940/
16363866,2005,Nitric oxide production by visible light irradiation of aqueous solution of nitrosyl ruthenium complexes.,Inorganic chemistry,off-topic sense of 'flash': flash photolysis of,https://pubmed.ncbi.nlm.nih.gov/16363866/
16331933,2005,N(4S) formation following the 193.3-nm ArF laser irradiation of NO and NO2 and its application to kinetic studies of N(4S) reactions with NO and NO2.,The journal of physical chemistry. A,no ultra-high-dose-rate signature (rad signal=0),https://pubmed.ncbi.nlm.nih.gov/16331933/
16235895,2005,A thieno-2H-chromene alpha-amino acid derivative: synthesis and photochromic properties.,Organic letters,no ultra-high-dose-rate signature (rad signal=0),https://pubmed.ncbi.nlm.nih.gov/16235895/
16229815,2005,Organization of protochlorophyllide oxidoreductase in prolamellar bodies isolated from etiolated carotenoid-deficient wheat leaves as revealed by fluorescence probes.,Biochimica et biophysica acta,off-topic title subject: lamella,https://pubmed.ncbi.nlm.nih.gov/16229815/
16158459,2005,Mechanisms of direct and TiO2-photocatalysed UV degradation of phenylurea herbicides.,Chemphyschem : a European journal of chemical physics and physical chemistry,no ultra-high-dose-rate signature (rad signal=1),https://pubmed.ncbi.nlm.nih.gov/16158459/
16124826,2005,Laser photolysis studies of the reaction of chromium(III) octaethylporphyrin complex with triphenylphosphine and triphenylphosphine oxide.,Inorganic chemistry,no ultra-high-dose-rate signature (rad signal=0),https://pubmed.ncbi.nlm.nih.gov/16124826/
16095277,2005,"Generation and characterization of the selenocysteinyl radical: direct evidence from time-resolved UV/Vis, electron paramagnetic resonance, and Fourier transform infrared spectroscopy.",The Journal of organic chemistry,no radiation signal + off-topic term: chromatograph,https://pubmed.ncbi.nlm.nih.gov/16095277/
15957935,2005,Evidence for a transition state model compound of in-plane vinylic SN2 reaction.,Organic letters,no ultra-high-dose-rate signature (rad signal=0),https://pubmed.ncbi.nlm.nih.gov/15957935/
15920631,2005,Triplet- vs. singlet-state imposed photochemistry. The role of substituent effects on the photo-Fries and photodissociation reaction of triphenylmethyl silanes.,Photochemical & photobiological sciences : Official journal of the European Photochemistry Association and the European Society for Photobiology,no ultra-high-dose-rate signature (rad signal=1),https://pubmed.ncbi.nlm.nih.gov/15920631/
15916900,2005,A kinetic study on the inhibitory action of sympathomimetic drugs towards photogenerated oxygen active species. The case of phenylephrine.,"Journal of photochemistry and photobiology. B, Biology",no radiation signal + off-topic term: photochem,https://pubmed.ncbi.nlm.nih.gov/15916900/
15910075,2005,Boiling nucleation on melanosomes and microbeads transiently heated by nanosecond and microsecond laser pulses.,Journal of biomedical optics,no ultra-high-dose-rate signature (rad signal=0),https://pubmed.ncbi.nlm.nih.gov/15910075/
15878116,2005,Formation and reactivity of free radicals in 5-hydroxymethyl-2-furaldehyde--the effect on isoprenaline photostability.,"Journal of photochemistry and photobiology. B, Biology",no ultra-high-dose-rate signature (rad signal=1),https://pubmed.ncbi.nlm.nih.gov/15878116/
15837317,2005,Hypoxia-selective activation of 5-fluorodeoxyuridine prodrug possessing indolequinone structure: radiolytic reduction and cytotoxicity characteristics.,Bioorganic & medicinal chemistry letters,off-topic sense of 'flash': flash photolysis of,https://pubmed.ncbi.nlm.nih.gov/15837317/
15787570,2005,"Photoenolization of 2-(2-methyl benzoyl) benzoic acid, methyl ester: effect of E photoenol lifetime on the photochemistry.",The Journal of organic chemistry,off-topic sense of 'flash': flash photolysis of,https://pubmed.ncbi.nlm.nih.gov/15787570/
15697210,2005,Photochromic agents as tools for protein structure study: lapachenole is a photoaffinity ligand of cytochrome P450 3A4.,Biochemistry,no ultra-high-dose-rate signature (rad signal=0),https://pubmed.ncbi.nlm.nih.gov/15697210/
15675858,2005,Generation of thiyl radicals by the photolysis of 5-iodo-4-thiouridine.,The Journal of organic chemistry,no radiation signal + off-topic term: photochem,https://pubmed.ncbi.nlm.nih.gov/15675858/
15656700,2005,Reactions of excited states of phenoxazin-3-one dyes with amino acids.,Photochemistry and photobiology,no ultra-high-dose-rate signature (rad signal=0),https://pubmed.ncbi.nlm.nih.gov/15656700/
15649327,2005,Design and testing of low intensity laser biostimulator.,Biomedical engineering online,no ultra-high-dose-rate signature (rad signal=0),https://pubmed.ncbi.nlm.nih.gov/15649327/
15631456,2005,Studies on the mechanism of the photo-induced DNA damage in the presence of acridizinium salts-involvement of singlet oxygen and an unusual source for hydroxyl radicals.,Journal of the American Chemical Society,no ultra-high-dose-rate signature (rad signal=0),https://pubmed.ncbi.nlm.nih.gov/15631456/
15616689,2005,Photochemical reaction mechanisms of 2-nitrobenzyl compounds: 2-nitrobenzyl alcohols form 2-nitroso hydrates by dual proton transfer.,Photochemical & photobiological sciences : Official journal of the European Photochemistry Association and the European Society for Photobiology,no ultra-high-dose-rate signature (rad signal=1),https://pubmed.ncbi.nlm.nih.gov/15616689/
17191880,2004,Photophysical and phototoxic properties of the antibacterial fluoroquinolones levofloxacin and moxifloxacin.,Chemistry & biodiversity,no ultra-high-dose-rate signature (rad signal=0),https://pubmed.ncbi.nlm.nih.gov/17191880/
15624309,2004,Hypoxia in the androgen-dependent Shionogi model for prostate cancer at three stages.,Radiation research,no ultra-high-dose-rate signature (rad signal=0),https://pubmed.ncbi.nlm.nih.gov/15624309/
15623341,2004,Primary photochemical processes of the phototoxic neuroleptic cyamemazine: a study by laser flash photolysis and steady-state irradiation.,Photochemistry and photobiology,no radiation signal + off-topic term: chromatograph,https://pubmed.ncbi.nlm.nih.gov/15623341/
15623339,2004,"Photochemical reduction of cytochrome c by a 1,4,5,8-naphthalenediimide radical anion.",Photochemistry and photobiology,no radiation signal + off-topic term: photochem,https://pubmed.ncbi.nlm.nih.gov/15623339/
15612558,2004,[Thermal effects of a short light flash on biological tissues. I. An optical and thermal model].,Biofizika,no ultra-high-dose-rate signature (rad signal=0),https://pubmed.ncbi.nlm.nih.gov/15612558/
15606983,2004,Vitamin B2-sensitised photooxidation of the ophthalmic drugs Timolol and Pindolol: kinetics and mechanism.,Redox report : communications in free radical research,no ultra-high-dose-rate signature (rad signal=0),https://pubmed.ncbi.nlm.nih.gov/15606983/
15549803,2004,Steady-state and laser flash photolysis study of the carbon-carbon bond fragmentation reactions of 2-arylsulfanyl alcohol radical cations.,The Journal of organic chemistry,no ultra-high-dose-rate signature (rad signal=0),https://pubmed.ncbi.nlm.nih.gov/15549803/
15527262,2004,"Triplet-sensitized photolysis of the photoisomer of a 2,11-diaza[3,3](9,10)anthracenoparacyclophane: an adiabatic cycloreversion and a [2pia + 2pia + 2sigmas] rearrangement in a triplet state of the biplanophane system.",The Journal of organic chemistry,no radiation signal + off-topic term: photochem,https://pubmed.ncbi.nlm.nih.gov/15527262/
15502832,2004,Flash welding of conducting polymer nanofibres.,Nature materials,no radiation signal + off-topic term: photochem,https://pubmed.ncbi.nlm.nih.gov/15502832/
15382925,2004,Triplet diphenylcarbenes protected by o-Aryl groups.,Journal of the American Chemical Society,off-topic title subject: carbene,https://pubmed.ncbi.nlm.nih.gov/15382925/
15381780,2004,Direct observation of hole transfer through double-helical DNA over 100 A.,Proceedings of the National Academy of Sciences of the United States of America,no ultra-high-dose-rate signature (rad signal=0),https://pubmed.ncbi.nlm.nih.gov/15381780/
15346190,2004,Effect of oligothiophene substituents on the photophysical and photochromic properties of a naphthopyran.,Photochemical & photobiological sciences : Official journal of the European Photochemistry Association and the European Society for Photobiology,no radiation signal + off-topic term: photochem,https://pubmed.ncbi.nlm.nih.gov/15346190/
15315403,2004,Carbon tunneling in the ring expansion of noradamantylchlorocarbene.,Journal of the American Chemical Society,off-topic title subject: carbene,https://pubmed.ncbi.nlm.nih.gov/15315403/
15212537,2004,Photoaddition of water and alcohols to the anthracene moiety of 9-(2'-hydroxyphenyl)anthracene via formal excited state intramolecular proton transfer.,Journal of the American Chemical Society,no ultra-high-dose-rate signature (rad signal=0),https://pubmed.ncbi.nlm.nih.gov/15212537/
15198609,2004,"Electrodeless determination of the trap density, decay kinetics, and charge separation efficiency of dye-sensitized nanocrystalline TiO(2).",Journal of the American Chemical Society,no radiation signal + off-topic term: semiconductor,https://pubmed.ncbi.nlm.nih.gov/15198609/
15115297,2004,Photophysical and photobiological behavior of antimalarial drugs in aqueous solutions.,Photochemistry and photobiology,no radiation signal + off-topic term: photochem,https://pubmed.ncbi.nlm.nih.gov/15115297/
15099730,2004,Modelling the environmental degradation of water contaminants. Kinetics and mechanism of the riboflavin-sensitised-photooxidation of phenolic compounds.,Chemosphere,no ultra-high-dose-rate signature (rad signal=0),https://pubmed.ncbi.nlm.nih.gov/15099730/
15052367,2004,Photochemistry of 2-acyloxycarbazoles. A potential tool in the synthesis of carbazole alkaloids.,Photochemical & photobiological sciences : Official journal of the European Photochemistry Association and the European Society for Photobiology,no radiation signal + off-topic term: photochem,https://pubmed.ncbi.nlm.nih.gov/15052367/
15020100,2004,Focused microwave irradiation of the brain preserves in vivo protein phosphorylation: comparison with other methods of sacrifice and analysis of multiple phosphoproteins.,Journal of neuroscience methods,no ultra-high-dose-rate signature (rad signal=0),https://pubmed.ncbi.nlm.nih.gov/15020100/
14999843,2004,Photoinduced interactions between oxidized and reduced lipoic acid and riboflavin (vitamin B2).,Chemphyschem : a European journal of chemical physics and physical chemistry,no radiation signal + off-topic term: photochem,https://pubmed.ncbi.nlm.nih.gov/14999843/
14993947,2004,Kinetics and mechanism of the degradation of the pesticide metsulfuron methyl induced by excitation of iron(III) aqua complexes in aqueous solutions: steady state and transient absorption spectroscopy studies.,Photochemical & photobiological sciences : Official journal of the European Photochemistry Association and the European Society for Photobiology,no ultra-high-dose-rate signature (rad signal=0),https://pubmed.ncbi.nlm.nih.gov/14993947/
14746482,2004,Preparation of oligodiazo compounds by using the suzuki coupling reaction and characterization of their photoproducts.,Journal of the American Chemical Society,no ultra-high-dose-rate signature (rad signal=0),https://pubmed.ncbi.nlm.nih.gov/14746482/
14695574,2004,"Substituent-dependent reactivity in the photodimerization of N-substituted dibenz[b,f]azepines.","Chemistry (Weinheim an der Bergstrasse, Germany)",no ultra-high-dose-rate signature (rad signal=0),https://pubmed.ncbi.nlm.nih.gov/14695574/
16220924,2003,Unexpected Hofmann elimination in the benzophenone-(phenylthio)acetic tetrabutylammonium salt photoredox system.,Journal of the American Chemical Society,no ultra-high-dose-rate signature (rad signal=0),https://pubmed.ncbi.nlm.nih.gov/16220924/
14653696,2003,Ultrafast chemistry: cobalt carbonyl-mediated synthesis of diaryl ketones under microwave irradiation.,Organic letters,no ultra-high-dose-rate signature (rad signal=0),https://pubmed.ncbi.nlm.nih.gov/14653696/
14640642,2003,Photoinduced NO release by visible light irradiation from pyrazine-bridged nitrosyl ruthenium complexes.,Journal of the American Chemical Society,no radiation signal + off-topic term: photochem,https://pubmed.ncbi.nlm.nih.gov/14640642/
14624772,2003,Neo adjuvant Tamoxifen in post menopausal patients with operable breast cancer.,European journal of surgical oncology : the journal of the European Society of Surgical Oncology and the British Association of Surgical Oncology,no ultra-high-dose-rate signature (rad signal=1),https://pubmed.ncbi.nlm.nih.gov/14624772/
14560812,2003,Investigation of singlet oxygen reactivity towards propofol.,Photochemical & photobiological sciences : Official journal of the European Photochemistry Association and the European Society for Photobiology,no radiation signal + off-topic term: chromatograph,https://pubmed.ncbi.nlm.nih.gov/14560812/
14558845,2003,Photohydration and photosolvolysis of biphenyl alkenes and alcohols via biphenyl quinone methide-type intermediates and diarylmethyl carbocations.,Journal of the American Chemical Society,no radiation signal + off-topic term: photochem,https://pubmed.ncbi.nlm.nih.gov/14558845/
14531679,2003,Laser flash photolysis formation and direct kinetic studies of manganese(V)-oxo porphyrin intermediates.,Journal of the American Chemical Society,no ultra-high-dose-rate signature (rad signal=0),https://pubmed.ncbi.nlm.nih.gov/14531679/
14521228,2003,"Continuous irradiation and flash-photolysis studies of new[3H]naphtho[2,1-b]pyrans linked by covalent bonds to oligothiophene units. Effect of thiophene substituents on the photochromism.",Photochemical & photobiological sciences : Official journal of the European Photochemistry Association and the European Society for Photobiology,no ultra-high-dose-rate signature (rad signal=0),https://pubmed.ncbi.nlm.nih.gov/14521228/
14510563,2003,"Highly efficient photochemical generation of a triple bond: synthesis, properties, and photodecarbonylation of cyclopropenones.",The Journal of organic chemistry,no radiation signal + off-topic term: photochem,https://pubmed.ncbi.nlm.nih.gov/14510563/
12816463,2003,Photoreaction between 2-benzoylthiophene and phenol or indole.,The Journal of organic chemistry,no ultra-high-dose-rate signature (rad signal=0),https://pubmed.ncbi.nlm.nih.gov/12816463/
12812289,2003,Photochemical and photophysical properties of indoprofen.,Photochemistry and photobiology,no radiation signal + off-topic term: photochem,https://pubmed.ncbi.nlm.nih.gov/12812289/
12803075,2003,Primary photoreactions of phylloquinone (vitamin K1) and plastoquinone-1 in solution.,Photochemical & photobiological sciences : Official journal of the European Photochemistry Association and the European Society for Photobiology,no radiation signal + off-topic term: photochem,https://pubmed.ncbi.nlm.nih.gov/12803075/
12783913,2003,Paroxetine controlled release in the treatment of menopausal hot flashes: a randomized controlled trial.,JAMA,off-topic sense of 'flash': hot flash,https://pubmed.ncbi.nlm.nih.gov/12783913/
12755594,2003,Photosensitization of DNA strand breaks by three phenothiazine derivatives.,Chemical research in toxicology,no radiation signal + off-topic term: photochem,https://pubmed.ncbi.nlm.nih.gov/12755594/
12715077,2003,Nitric oxide release from the S-nitrosothiol zinc phthalocyanine complex by flash photolysis.,Brazilian journal of medical and biological research = Revista brasileira de pesquisas medicas e biologicas,no ultra-high-dose-rate signature (rad signal=0),https://pubmed.ncbi.nlm.nih.gov/12715077/
12688720,2003,High-throughput synthesis of N3-acylated dihydropyrimidines combining microwave-assisted synthesis and scavenging techniques.,Organic letters,no radiation signal + off-topic term: microwave-assisted,https://pubmed.ncbi.nlm.nih.gov/12688720/
12608818,2003,Photoenolization as a means to release alcohols.,The Journal of organic chemistry,no radiation signal + off-topic term: thin film,https://pubmed.ncbi.nlm.nih.gov/12608818/
12521605,2003,In vitro studies on the photobiological properties of aloe emodin and aloin A.,Free radical biology & medicine,no ultra-high-dose-rate signature (rad signal=0),https://pubmed.ncbi.nlm.nih.gov/12521605/
12516072,2003,MRI thermodosimetry in laser-induced interstitial thermotherapy.,Lasers in surgery and medicine,no ultra-high-dose-rate signature (rad signal=1),https://pubmed.ncbi.nlm.nih.gov/12516072/
12661968,2002,"Photochemistry of cyclic vicinal tricarbonyl compounds. Laser flash photolysis study of the reaction of indane-1,2,3-trione and its 5-methoxy derivative with olefins.",Photochemical & photobiological sciences : Official journal of the European Photochemistry Association and the European Society for Photobiology,no radiation signal + off-topic term: photochem,https://pubmed.ncbi.nlm.nih.gov/12661968/
12661592,2002,"Product studies and laser flash photolysis of direct and 2,4,6-triphenylpyrylium-zeolite Y photocatalyzed degradation of fenvalerate.",Photochemical & photobiological sciences : Official journal of the European Photochemistry Association and the European Society for Photobiology,off-topic sense of 'flash': flash photolysis of,https://pubmed.ncbi.nlm.nih.gov/12661592/
12659533,2002,"2,5-dimethylphenacyl esters: a photoremovable protecting group for phosphates and sulfonic acids.",Photochemical & photobiological sciences : Official journal of the European Photochemistry Association and the European Society for Photobiology,no radiation signal + off-topic term: photochem,https://pubmed.ncbi.nlm.nih.gov/12659533/
12659520,2002,Modified mesoporous MCM-41 as hosts for photochromic spirobenzopyrans.,Photochemical & photobiological sciences : Official journal of the European Photochemistry Association and the European Society for Photobiology,no radiation signal + off-topic term: photochem,https://pubmed.ncbi.nlm.nih.gov/12659520/
12659515,2002,Laser flash photolysis study of the photochemistry of o-methylbenzils.,Photochemical & photobiological sciences : Official journal of the European Photochemistry Association and the European Society for Photobiology,no radiation signal + off-topic term: photochem,https://pubmed.ncbi.nlm.nih.gov/12659515/
12659505,2002,Photochemistry of 2-chloropyrimidine.,Photochemical & photobiological sciences : Official journal of the European Photochemistry Association and the European Society for Photobiology,no radiation signal + off-topic term: photochem,https://pubmed.ncbi.nlm.nih.gov/12659505/
12653471,2002,Some photophysical studies of cis- and trans-urocanic acid.,Photochemical & photobiological sciences : Official journal of the European Photochemistry Association and the European Society for Photobiology,no radiation signal + off-topic term: photochem,https://pubmed.ncbi.nlm.nih.gov/12653471/
12480110,2002,Aerotactic responses in bacteria to photoreleased oxygen.,FEMS microbiology letters,off-topic sense of 'flash': flash photolysis of,https://pubmed.ncbi.nlm.nih.gov/12480110/
12405834,2002,Vibrational spectrum of m-benzyne: a matrix isolation and computational study.,Journal of the American Chemical Society,off-topic sense of 'flash': flash vacuum pyrolysis,https://pubmed.ncbi.nlm.nih.gov/12405834/
12405144,2002,The excited-state interaction of resazurin and resorufin with amines in aqueous solutions. Photophysics and photochemical reactions.,Photochemistry and photobiology,no radiation signal + off-topic term: photochem,https://pubmed.ncbi.nlm.nih.gov/12405144/
12403445,2002,Photoinduced N-demethylation of rufloxacin and its methyl ester under aerobic conditions.,Photochemistry and photobiology,no radiation signal + off-topic term: photochem,https://pubmed.ncbi.nlm.nih.gov/12403445/
12398527,2002,High-speed microwave-promoted hetero-Diels-Alder reactions of 2(1H)-pyrazinones in ionic liquid doped solvents.,The Journal of organic chemistry,no ultra-high-dose-rate signature (rad signal=0),https://pubmed.ncbi.nlm.nih.gov/12398527/
12182640,2002,"Photochemistry of N-isopropoxy-substituted 2(1H)-pyridone and 4-p-tolylthiazole-2(3H)-thione: alkoxyl-radical release (spin-trapping, EPR, and transient spectroscopy) and its significance in the photooxidative induction of DNA strand breaks.",The Journal of organic chemistry,no radiation signal + off-topic term: photochem,https://pubmed.ncbi.nlm.nih.gov/12182640/
12162734,2002,The mechanism of UV-A radiation-induced inhibition of photosystem II electron transport studied by EPR and chlorophyll fluorescence.,Biochemistry,no ultra-high-dose-rate signature (rad signal=1),https://pubmed.ncbi.nlm.nih.gov/12162734/
12131283,2002,Erbium: YAG laser lithotripsy mechanism.,The Journal of urology,no ultra-high-dose-rate signature (rad signal=0),https://pubmed.ncbi.nlm.nih.gov/12131283/
12052166,2002,The application of microwave irradiation as new convenient synthetic procedure in drug discovery.,Current medicinal chemistry,no radiation signal + off-topic term: microwave-assisted,https://pubmed.ncbi.nlm.nih.gov/12052166/
12031292,2002,Electron transfer oxidation of tryptophan and tyrosine by triplet states and oxidized radicals of flavin sensitizers: a laser flash photolysis study.,Biochimica et biophysica acta,no radiation signal + off-topic term: photochem,https://pubmed.ncbi.nlm.nih.gov/12031292/
12003123,2002,Photochemistry and phototoxicity of aloe emodin.,Photochemistry and photobiology,no radiation signal + off-topic term: photochem,https://pubmed.ncbi.nlm.nih.gov/12003123/
11849089,2002,Photochemistry and photophysics of Cr(III) macrocyclic complexes.,Inorganic chemistry,no radiation signal + off-topic term: photochem,https://pubmed.ncbi.nlm.nih.gov/11849089/
11837323,2002,Excited-state properties and in vitro phototoxicity studies of three phenothiazine derivatives.,Photochemistry and photobiology,no radiation signal + off-topic term: photochem,https://pubmed.ncbi.nlm.nih.gov/11837323/
11792219,2002,"Generation, reactions, and kinetics of sterically congested triplet diphenylcarbenes. Effects of bromine groups.",Journal of the American Chemical Society,off-topic title subject: carbene,https://pubmed.ncbi.nlm.nih.gov/11792219/
16228328,2001,Effect of monochromatic UV-B radiation on electron transfer reactions of Photosystem II.,Photosynthesis research,no ultra-high-dose-rate signature (rad signal=0),https://pubmed.ncbi.nlm.nih.gov/16228328/
11809376,2001,Carotenoid dependence of the protochlorophyllide to chlorophyllide phototransformation in dark-grown wheat seedlings.,"Journal of photochemistry and photobiology. B, Biology",no ultra-high-dose-rate signature (rad signal=0),https://pubmed.ncbi.nlm.nih.gov/11809376/
11748007,2001,"Oxidation of di- and tripeptides of tyrosine and valine mediated by singlet molecular oxygen, phosphate radicals and sulfate radicals.","Journal of photochemistry and photobiology. B, Biology",no ultra-high-dose-rate signature (rad signal=0),https://pubmed.ncbi.nlm.nih.gov/11748007/
11724545,2001,Spectroscopic characterization of the photocycle intermediates of photoactive yellow protein.,Biochemistry,no radiation signal + off-topic term: photochem,https://pubmed.ncbi.nlm.nih.gov/11724545/
11703160,2001,Automated library generation using sequential microwave-assisted chemistry. Application toward the Biginelli multicomponent condensation.,Journal of combinatorial chemistry,no radiation signal + off-topic term: microwave-assisted,https://pubmed.ncbi.nlm.nih.gov/11703160/
11683033,2001,Photochemistry of methoxyhydroquinone and methoxy-p-benzoquinone in solution related to the photoyellowing of the lignocellulosics.,Photochemistry and photobiology,no radiation signal + off-topic term: photochem,https://pubmed.ncbi.nlm.nih.gov/11683033/
11577187,2001,The distribution of protochlorophyllide and chlorophyll within seedlings of the lip1 mutant of Pea.,Plant & cell physiology,no topic keywords and no radiation signal,https://pubmed.ncbi.nlm.nih.gov/11577187/
11567808,2001,Elevated tumor lactate concentrations predict for an increased risk of metastases in head-and-neck cancer.,"International journal of radiation oncology, biology, physics",no ultra-high-dose-rate signature (rad signal=1),https://pubmed.ncbi.nlm.nih.gov/11567808/
11566276,2001,"Dark and photoinduced interactions between Trolox, a polar-solvent-soluble model for vitamin E, and riboflavin.","Journal of photochemistry and photobiology. B, Biology",no ultra-high-dose-rate signature (rad signal=0),https://pubmed.ncbi.nlm.nih.gov/11566276/
11525652,2001,Photoalkylation of 10-alkylacridinium ion via a charge-shift type of photoinduced electron transfer controlled by solvent polarity.,Journal of the American Chemical Society,no ultra-high-dose-rate signature (rad signal=0),https://pubmed.ncbi.nlm.nih.gov/11525652/
11524017,2001,Slow photo-cross-linking kinetics of benzophenone-labeled voltage sensors of ion channels.,Biochemistry,no ultra-high-dose-rate signature (rad signal=0),https://pubmed.ncbi.nlm.nih.gov/11524017/
11495427,2001,"Competitive decay pathways of the radical ions formed by photoinduced electron transfer between quinones and 4,4'-dimethoxydiphenylmethane in acetonitrile.","Chemistry (Weinheim an der Bergstrasse, Germany)",no ultra-high-dose-rate signature (rad signal=0),https://pubmed.ncbi.nlm.nih.gov/11495427/
11461417,2001,"Neutron energy spectra from the laser-induced Dd,n3He reaction.","Physical review. E, Statistical, nonlinear, and soft matter physics",no ultra-high-dose-rate signature (rad signal=1),https://pubmed.ncbi.nlm.nih.gov/11461417/
11456975,2001,The elusive benzocyclobutenylidene: a combined computational and experimental attempt.,Journal of the American Chemical Society,off-topic sense of 'flash': flash vacuum pyrolysis,https://pubmed.ncbi.nlm.nih.gov/11456975/
11444521,2001,Inverse planning algorithms for external beam radiation therapy.,Medical dosimetry : official journal of the American Association of Medical Dosimetrists,aperture/planning 'flash': skin flash,https://pubmed.ncbi.nlm.nih.gov/11444521/
11429928,2001,Alkylation of amino acids and glutathione in water by o-quinone methide. Reactivity and selectivity.,The Journal of organic chemistry,no radiation signal + off-topic term: photochem,https://pubmed.ncbi.nlm.nih.gov/11429928/
11414839,2001,"Carbomethoxychlorocarbene: spectroscopy, theory, chemistry and kinetics.",Journal of the American Chemical Society,off-topic sense of 'flash': flash photolysis of,https://pubmed.ncbi.nlm.nih.gov/11414839/
11312936,2001,Studies of 9-fluorenyl carbocations. intramolecular hydride migration in a substituted 9-fluorenyl carbocation.,The Journal of organic chemistry,off-topic sense of 'flash': flash photolysis of,https://pubmed.ncbi.nlm.nih.gov/11312936/
11332891,2000,UV radiation effects on flavocytochrome b2 in dilute aqueous solution.,"Journal of photochemistry and photobiology. B, Biology",no ultra-high-dose-rate signature (rad signal=0),https://pubmed.ncbi.nlm.nih.gov/11332891/
11195847,2000,Photobinding of carprofen to protein.,"Journal of photochemistry and photobiology. B, Biology",no radiation signal + off-topic term: chromatograph,https://pubmed.ncbi.nlm.nih.gov/11195847/
11195846,2000,Involvement of type I and type II mechanisms in the linoleic acid peroxidation photosensitized by tiaprofenic acid.,"Journal of photochemistry and photobiology. B, Biology",no ultra-high-dose-rate signature (rad signal=0),https://pubmed.ncbi.nlm.nih.gov/11195846/
11126439,2000,Origin of retinal pigment epithelium cell damage by pulsed laser irradiance in the nanosecond to microsecond time regimen.,Lasers in surgery and medicine,no ultra-high-dose-rate signature (rad signal=0),https://pubmed.ncbi.nlm.nih.gov/11126439/
11126438,2000,Acute and chronic effects of transmyocardial laser revascularization in the nonischemic pig myocardium by using three laser systems.,Lasers in surgery and medicine,no ultra-high-dose-rate signature (rad signal=0),https://pubmed.ncbi.nlm.nih.gov/11126438/
11087413,2000,A new approach for studying fast biological reactions involving dioxygen: the reaction of fully reduced cytochrome c oxidase with O2.,Biochemistry,no ultra-high-dose-rate signature (rad signal=0),https://pubmed.ncbi.nlm.nih.gov/11087413/
11073652,2000,Laser flash photolysis of diphenylsulfonyldiazomethane: detection of the sulfene and a sulfene-pyridine ylide.,Organic letters,off-topic sense of 'flash': flash photolysis of,https://pubmed.ncbi.nlm.nih.gov/11073652/
11073607,2000,Fast microwave-assisted preparation of aryl and vinyl nitriles and the corresponding tetrazoles from organo-halides.,The Journal of organic chemistry,no ultra-high-dose-rate signature (rad signal=1),https://pubmed.ncbi.nlm.nih.gov/11073607/
11072251,2000,"Enhancement of meta-tetrahydroxyphenylchlorin-sensitized photodynamic treatment on human tumor xenografts using a water-soluble vitamin E analogue, Trolox.",International journal of cancer,no radiation signal + off-topic term: photochem,https://pubmed.ncbi.nlm.nih.gov/11072251/
11045713,2000,A laser flash photolysis and pulse radiolysis study of primary photochemical processes of flumequine.,Photochemistry and photobiology,off-topic sense of 'flash': flash photolysis of,https://pubmed.ncbi.nlm.nih.gov/11045713/
10998236,2000,Electron transfer reactions in Zn-substituted cytochrome P450cam.,Biochemistry,no ultra-high-dose-rate signature (rad signal=0),https://pubmed.ncbi.nlm.nih.gov/10998236/
10959856,2000,"Highly selective palladium-catalyzed synthesis of protected alpha,beta-unsaturated methyl ketones and 2-alkoxy-1,3-butadienes. High-speed chemistry by microwave flash heating.",The Journal of organic chemistry,no ultra-high-dose-rate signature (rad signal=0),https://pubmed.ncbi.nlm.nih.gov/10959856/
10891126,2000,"Mechanism of the Photodissociation of 4-Diphenyl(trimethylsilyl)methyl-N,N-dimethylaniline.",The Journal of organic chemistry,no ultra-high-dose-rate signature (rad signal=1),https://pubmed.ncbi.nlm.nih.gov/10891126/
10843093,2000,Dynamics of pulsed holmium:YAG laser photocoagulation of albumen.,Physics in medicine and biology,no ultra-high-dose-rate signature (rad signal=0),https://pubmed.ncbi.nlm.nih.gov/10843093/
10818783,2000,Photochemical and photophysical studies of guanine derivatives: intermediates contributing to its photodestruction mechanism in aqueous solution and the participation of the electron adduct.,Photochemistry and photobiology,no radiation signal + off-topic term: chromatograph,https://pubmed.ncbi.nlm.nih.gov/10818783/
11674284,1999,"Photodissociation of N-Arylmethylanilines: A Laser Flash Photolysis, Fluorescence, and Product Analysis Study(1).",The Journal of organic chemistry,no radiation signal + off-topic term: photochem,https://pubmed.ncbi.nlm.nih.gov/11674284/
10943619,1999,Photodynamic therapy for the prevention of intimal hyperplasia in balloon-injured rabbit arteries.,Japanese circulation journal,no radiation signal + off-topic term: photochem,https://pubmed.ncbi.nlm.nih.gov/10943619/
10508432,1999,Design and fast synthesis of C-terminal duplicated potent C(2)-symmetric P1/P1'-modified HIV-1 protease inhibitors.,Journal of medicinal chemistry,no ultra-high-dose-rate signature (rad signal=0),https://pubmed.ncbi.nlm.nih.gov/10508432/
10504248,1999,UV-B radiation-induced donor- and acceptor-side modifications of photosystem II in the cyanobacterium Synechocystis sp. PCC 6803.,Biochemistry,no ultra-high-dose-rate signature (rad signal=1),https://pubmed.ncbi.nlm.nih.gov/10504248/
10378011,1999,Irradiation of amelanotic melanoma cells with 532 nm high peak power pulsed laser radiation in the presence of the photothermal sensitizer Cu(II)-hematoporphyrin: a new approach to cell photoinactivation.,Photochemistry and photobiology,no radiation signal + off-topic term: photochem,https://pubmed.ncbi.nlm.nih.gov/10378011/
10374984,1999,Analysis of flash echo from contrast agent for designing optimal ultrasound diagnostic systems.,Ultrasound in medicine & biology,no ultra-high-dose-rate signature (rad signal=0),https://pubmed.ncbi.nlm.nih.gov/10374984/
10360945,1999,Nicotinic acetylcholine receptor probed with a photoactivatable agonist: improved labeling specificity by addition of CeIV/glutathione. Extension to laser flash photolabeling.,Biochemistry,no radiation signal + off-topic term: chromatograph,https://pubmed.ncbi.nlm.nih.gov/10360945/
10331759,1999,Monitoring radiation-induced changes in bone marrow histopathology with ultra-small superparamagnetic iron oxide (USPIO)-enhanced MRI.,Journal of magnetic resonance imaging : JMRI,curator override: manually excluded,https://pubmed.ncbi.nlm.nih.gov/10331759/
10225433,1999,Evidence for peroxynitrite formation during S-nitrosoglutathione photolysis in air saturated solutions.,FEBS letters,off-topic sense of 'flash': flash photolysis of,https://pubmed.ncbi.nlm.nih.gov/10225433/
10049350,1999,Chemotactic responses of Escherichia coli to small jumps of photoreleased L-aspartate.,Biophysical journal,off-topic sense of 'flash': flash photolysis of,https://pubmed.ncbi.nlm.nih.gov/10049350/
11672356,1998,Photochemical Pinacol Rearrangement.,The Journal of organic chemistry,off-topic sense of 'flash': flash photolysis of,https://pubmed.ncbi.nlm.nih.gov/11672356/
11670575,1998,"Design and Semisynthesis of Photoactive Myoglobin Bearing Ruthenium Tris(2,2'-bipyridine) Using Cofactor-Reconstitution.",Inorganic chemistry,no radiation signal + off-topic term: photochem,https://pubmed.ncbi.nlm.nih.gov/11670575/
10093916,1998,Visible radiation effects on flavocytochrome b2 in dilute aqueous solution: a steady-state and laser flash photolysis study.,"Journal of photochemistry and photobiology. B, Biology",no ultra-high-dose-rate signature (rad signal=0),https://pubmed.ncbi.nlm.nih.gov/10093916/
9863331,1998,[Classification of laser irradiation and safety measures].,Medicinski pregled,no ultra-high-dose-rate signature (rad signal=0),https://pubmed.ncbi.nlm.nih.gov/9863331/
9784424,1998,Calcium buffering capacity of neuronal cell cytosol measured by flash photolysis of calcium buffer NP-EGTA.,Biochemical and biophysical research communications,off-topic sense of 'flash': flash photolysis of,https://pubmed.ncbi.nlm.nih.gov/9784424/
9661151,1998,Flash lamp-based irradiation of caged compounds.,Methods in enzymology,no radiation signal + off-topic term: photochem,https://pubmed.ncbi.nlm.nih.gov/9661151/
23015010,1998,Fundamental Studies of Fiber-Guided Soft Tissue Cutting by Means of Pulsed Midinfrared Lasers and their Application in Ureterotomy.,Journal of biomedical optics,no ultra-high-dose-rate signature (rad signal=0),https://pubmed.ncbi.nlm.nih.gov/23015010/
9223680,1997,"A high-resolution, confocal laser-scanning microscope and flash photolysis system for physiological studies.",Cell calcium,no ultra-high-dose-rate signature (rad signal=0),https://pubmed.ncbi.nlm.nih.gov/9223680/
11671514,1997,Intramolecular Diels-Alder Reaction of N-Alkyl-2-cyano-1-azadienes: A Study of the Eschenmoser Cycloreversion of Dihydrooxazines as a Route to N-Alkyl-2-cyano-1-azadienes.,The Journal of organic chemistry,no ultra-high-dose-rate signature (rad signal=0),https://pubmed.ncbi.nlm.nih.gov/11671514/
9172693,1997,[Photosensitizing properties and antioxidant activity of furagin--an antimicrobial drug that is a derivative of nitrofuran].,Biofizika,no radiation signal + off-topic term: photochem,https://pubmed.ncbi.nlm.nih.gov/9172693/
9054899,1997,The value of setup portal films as an estimate of a patient's position throughout fractionated tangential breast irradiation: an on-line study.,"International journal of radiation oncology, biology, physics",no ultra-high-dose-rate signature (rad signal=0),https://pubmed.ncbi.nlm.nih.gov/9054899/
8931374,1996,"The reaction of triplet 2-methyl-1,4-naphthoquinone (menadione) with DNA and polynucleotides.",Photochemistry and photobiology,no radiation signal + off-topic term: photochem,https://pubmed.ncbi.nlm.nih.gov/8931374/
8883408,1996,Prediction of radiotherapy response of cervical carcinoma through measurement of proliferation rate.,British journal of cancer,no ultra-high-dose-rate signature (rad signal=1),https://pubmed.ncbi.nlm.nih.gov/8883408/
8863479,1996,Photophysical and redox properties of a series of phthalocyanines: relation with their photodynamic activities on TF-1 and Daudi leukemic cells.,Photochemistry and photobiology,no radiation signal + off-topic term: photochem,https://pubmed.ncbi.nlm.nih.gov/8863479/
24271530,1996,The effects of ultraviolet irradiation on P680(+) reduction in PS II core complexes measured for individual S-states and during repetitive cycling of the oxygen-evolving complex.,Photosynthesis research,no ultra-high-dose-rate signature (rad signal=0),https://pubmed.ncbi.nlm.nih.gov/24271530/
24301820,1996,Photoinhibition of Photosystem I electron transfer activity in isolated Photosystem I preparations with different chlorophyll contents.,Photosynthesis research,no radiation signal + off-topic term: chromatograph,https://pubmed.ncbi.nlm.nih.gov/24301820/
8547264,1996,Mechanism of native oat phytochrome photoreversion: a time-resolved absorption investigation.,Biochemistry,no ultra-high-dose-rate signature (rad signal=0),https://pubmed.ncbi.nlm.nih.gov/8547264/
8778517,1996,"Pulsed laser ablation of soft tissues, gels, and aqueous solutions at temperatures below 100 degrees C.",Lasers in surgery and medicine,no ultra-high-dose-rate signature (rad signal=0),https://pubmed.ncbi.nlm.nih.gov/8778517/
19859480,1995,Pattern generation method by direct toner irradiation.,Optics letters,no ultra-high-dose-rate signature (rad signal=0),https://pubmed.ncbi.nlm.nih.gov/19859480/
29281299,1995,"Responses of the Medaka Fish Egg (Oryzias latipes) to the Photolysis of Microinjected Nitrophenyl-EGTA, a Photolabile Calcium Chelator.",The Biological bulletin,no ultra-high-dose-rate signature (rad signal=0),https://pubmed.ncbi.nlm.nih.gov/29281299/
7947780,1994,Conformational changes in rhodopsin probed by surface plasmon resonance spectroscopy.,Biochemistry,no ultra-high-dose-rate signature (rad signal=0),https://pubmed.ncbi.nlm.nih.gov/7947780/
8119976,1994,Caged nitric oxide. Stable organic molecules from which nitric oxide can be photoreleased.,The Journal of biological chemistry,no ultra-high-dose-rate signature (rad signal=0),https://pubmed.ncbi.nlm.nih.gov/8119976/
8165232,1994,An efficient oxygen independent two-photon photosensitization mechanism.,Photochemistry and photobiology,no radiation signal + off-topic term: photochem,https://pubmed.ncbi.nlm.nih.gov/8165232/
8312476,1993,Excitatory signaling in bacterial probed by caged chemoeffectors.,Biophysical journal,no ultra-high-dose-rate signature (rad signal=0),https://pubmed.ncbi.nlm.nih.gov/8312476/
8413196,1993,Photolyase-dimer-DNA complexes and exclusion stimulation in Escherichia coli: depolarization of the plasma membrane.,Molecular & general genetics : MGG,no ultra-high-dose-rate signature (rad signal=0),https://pubmed.ncbi.nlm.nih.gov/8413196/
24318003,1993,Inactivation of photosynthetic oxygen evolution by UV-B irradiation: A thermoluminescence study.,Photosynthesis research,no ultra-high-dose-rate signature (rad signal=0),https://pubmed.ncbi.nlm.nih.gov/24318003/
15091857,1993,Hydrogen peroxide mediated photodegradation of phenol as studied by a flash photolysis/HPLC technique.,"Environmental pollution (Barking, Essex : 1987)",no radiation signal + off-topic term: chromatograph,https://pubmed.ncbi.nlm.nih.gov/15091857/
1468615,1992,Effect of flash photoreactivation on Escherichia coli recA induction by ultraviolet light.,FEMS microbiology letters,no ultra-high-dose-rate signature (rad signal=0),https://pubmed.ncbi.nlm.nih.gov/1468615/
2062832,1991,Observation of the light-triggered binding of pyrone to chymotrypsin by Laue x-ray crystallography.,Proceedings of the National Academy of Sciences of the United States of America,no radiation signal + off-topic term: photochem,https://pubmed.ncbi.nlm.nih.gov/2062832/
24414573,1991,Two sites of photoinhibition of the electron transfer in oxygen evolving and Tris-treated PS II membrane fragments from spinach.,Photosynthesis research,no ultra-high-dose-rate signature (rad signal=0),https://pubmed.ncbi.nlm.nih.gov/24414573/
1990985,1991,Capillary hemangiomas and treatment with the flash lamp-pumped pulsed dye laser.,Archives of dermatology,no ultra-high-dose-rate signature (rad signal=0),https://pubmed.ncbi.nlm.nih.gov/1990985/
1809578,1991,High dose melphalan and ABMT with or without abdominal radiotherapy as consolidation treatment for ovarian carcinoma in complete remission or with microscopic residual disease.,European journal of gynaecological oncology,no ultra-high-dose-rate signature (rad signal=1),https://pubmed.ncbi.nlm.nih.gov/1809578/
2128489,1990,X-ray diffraction and flash photolysis studies of M intermediate of lattice-contracted purple membrane.,Journal of biochemistry,no ultra-high-dose-rate signature (rad signal=0),https://pubmed.ncbi.nlm.nih.gov/2128489/
1962858,1990,Chloranil-photosensitized monomerization of dimethylthymine cyclobutane dimers and effect of magnesium perchlorate.,Photochemistry and photobiology,no ultra-high-dose-rate signature (rad signal=0),https://pubmed.ncbi.nlm.nih.gov/1962858/
2263154,1990,Histologic comparison of the pulsed dye laser and copper vapor laser effects on pig skin.,Lasers in surgery and medicine,no ultra-high-dose-rate signature (rad signal=0),https://pubmed.ncbi.nlm.nih.gov/2263154/
2623050,1989,"Photosensitized reactions of poly(U) with tris(2,2'-bipyridyl)ruthenium(II) and peroxydisulfate.",Photochemistry and photobiology,no radiation signal + off-topic term: photochem,https://pubmed.ncbi.nlm.nih.gov/2623050/
2549428,1989,Augmentation of cardiac calcium current by flash photolysis of intracellular caged-Ca2+ molecules.,Nature,off-topic sense of 'flash': flash photolysis of,https://pubmed.ncbi.nlm.nih.gov/2549428/
2546799,1989,Electron transfer reactions in photosystem I following vitamin K1 depletion by ultraviolet irradiation.,FEBS letters,no radiation signal + off-topic term: photochem,https://pubmed.ncbi.nlm.nih.gov/2546799/
2500887,1989,[Invasive tumors of the bladder. A study of 56 cases treated at the Gustave-Roussy Institute by total cystectomy and radiotherapy].,Annales d'urologie,no ultra-high-dose-rate signature (rad signal=1),https://pubmed.ncbi.nlm.nih.gov/2500887/
3137570,1988,Photolabile chelators for the rapid photorelease of divalent cations.,Proceedings of the National Academy of Sciences of the United States of America,no ultra-high-dose-rate signature (rad signal=0),https://pubmed.ncbi.nlm.nih.gov/3137570/
22148784,1988,IR flash kinetic spectroscopy of transients generated by irradiation of cyclopentadienylcobalt dicarbonyl in the gas phase and in solution.,Journal of the American Chemical Society,no ultra-high-dose-rate signature (rad signal=0),https://pubmed.ncbi.nlm.nih.gov/22148784/
3220823,1988,Studies on the equilibria and kinetics of the reactions of ferrous catalase with ligands.,Journal of biochemistry,off-topic sense of 'flash': flash photolysis of,https://pubmed.ncbi.nlm.nih.gov/3220823/
3149292,1988,Singlet oxygen production and photoisomerization: two competitive processes for merocyanine 540 irradiated with visible light.,"Journal of photochemistry and photobiology. B, Biology",off-topic title subject: photoisomeri,https://pubmed.ncbi.nlm.nih.gov/3149292/
3497119,1987,Intratumoural light distribution in an experimental mouse tumour irradiated by a diffuse-light irradiator compared with unilateral helium-neon light for photodynamic therapy.,"International journal of radiation biology and related studies in physics, chemistry, and medicine",no ultra-high-dose-rate signature (rad signal=1),https://pubmed.ncbi.nlm.nih.gov/3497119/
3474089,1987,The latency of the visual evoked potential as an index of myelin disturbance in children treated for acute lymphoblastic leukemia.,Clinical EEG (electroencephalography),no ultra-high-dose-rate signature (rad signal=0),https://pubmed.ncbi.nlm.nih.gov/3474089/
3317149,1987,Photoreceptor processes in visual adaptation.,Neuroscience research. Supplement : the official journal of the Japan Neuroscience Society,no ultra-high-dose-rate signature (rad signal=0),https://pubmed.ncbi.nlm.nih.gov/3317149/
3099167,1986,RNA polymerase II interacts with the promoter region of the noninduced hsp70 gene in Drosophila melanogaster cells.,Molecular and cellular biology,no ultra-high-dose-rate signature (rad signal=0),https://pubmed.ncbi.nlm.nih.gov/3099167/
3756226,1986,[Effect of antioxidants on the psoralen photo-oxidation process].,Biofizika,no radiation signal + off-topic term: photochem,https://pubmed.ncbi.nlm.nih.gov/3756226/
3012817,1986,Direct evidence for the inhibition of platelet aggregation and release by intracellular cyclic AMP produced with a new photoactivatable derivative.,Thrombosis and haemostasis,no ultra-high-dose-rate signature (rad signal=0),https://pubmed.ncbi.nlm.nih.gov/3012817/
3942737,1986,Photoaffinity labeling of whole cells by flashed light: a simple apparatus for high-energy ultraviolet flashes.,Biochimica et biophysica acta,no radiation signal + off-topic term: photochem,https://pubmed.ncbi.nlm.nih.gov/3942737/
4044587,1985,Flash photolysis studies on the CO complexes of ferrous cytochrome P-450scc and cytochrome P-45011 beta. Effects of steroid binding on the photochemical and ligand binding properties.,The Journal of biological chemistry,no radiation signal + off-topic term: photochem,https://pubmed.ncbi.nlm.nih.gov/4044587/
2993183,1985,Model studies for the direct effect of high-energy irradiation on DNA. Mechanism of strand break formation induced by laser photoionization of poly U in aqueous solution.,"International journal of radiation biology and related studies in physics, chemistry, and medicine",off-topic sense of 'flash': flash photolysis of,https://pubmed.ncbi.nlm.nih.gov/2993183/
2990445,1985,Laser-flash-photolysis studies of p-cresol methylhydroxylase. Electron-transfer properties of the flavin and haem components.,The Biochemical journal,no radiation signal + off-topic term: photochem,https://pubmed.ncbi.nlm.nih.gov/2990445/
2411944,1985,Calcium channels are 'unblocked' within a few milliseconds after photoremoval of nifedipine.,Journal of molecular and cellular cardiology,no ultra-high-dose-rate signature (rad signal=0),https://pubmed.ncbi.nlm.nih.gov/2411944/
2981856,1985,Reversible acidic-alkaline transition of the carbon monoxide complex of cytochrome c peroxidase.,The Journal of biological chemistry,no ultra-high-dose-rate signature (rad signal=0),https://pubmed.ncbi.nlm.nih.gov/2981856/
4024475,1985,A photoproduct with 13-cis retinal generated by irradiation with violet light in the octopus retina.,Vision research,no radiation signal + off-topic term: chromatograph,https://pubmed.ncbi.nlm.nih.gov/4024475/
6740956,1984,Rhodopsin and visual adaptation: analysis of photoreceptor thresholds in the isolated skate retina.,Vision research,no ultra-high-dose-rate signature (rad signal=0),https://pubmed.ncbi.nlm.nih.gov/6740956/
6300406,1983,Changes of ultraviolet sensitivity of voltage-clamped sodium channels during their potential-induced conductance cycle.,The Journal of membrane biology,no ultra-high-dose-rate signature (rad signal=0),https://pubmed.ncbi.nlm.nih.gov/6300406/
17784356,1982,Photosynthetic hydrogen and oxygen production: kinetic studies.,"Science (New York, N.Y.)",no ultra-high-dose-rate signature (rad signal=0),https://pubmed.ncbi.nlm.nih.gov/17784356/
7272450,1981,Flash photolysis and low temperature photochemistry of bovine rhodopsin with a fixed 11-ene.,Biophysical journal,no radiation signal + off-topic term: photochem,https://pubmed.ncbi.nlm.nih.gov/7272450/
6175185,1981,Human monocytes and lymphocytes differ in the rate of DNA repair synthesis and viability after exposure to nitrogen mustard.,Acta medica Scandinavica,no ultra-high-dose-rate signature (rad signal=0),https://pubmed.ncbi.nlm.nih.gov/6175185/
7436369,1980,Long-term cerebral effects of small doses of x-irradiation in childhood as manifested in adult visual evoked responses.,Annals of neurology,no ultra-high-dose-rate signature (rad signal=0),https://pubmed.ncbi.nlm.nih.gov/7436369/
6447509,1980,Millisecond photo-cross-linking of protein components in vertebrate striated muscle thin filaments.,Biochemistry,no topic keywords and no radiation signal,https://pubmed.ncbi.nlm.nih.gov/6447509/
7378388,1980,Direct evidence for the calcium-induced change in the quaternary structure of troponin in situ. Millisecond cross-linking of troponin components by a photosensitive heterobifunctional reagent.,Biochemistry,no radiation signal + off-topic term: photochem,https://pubmed.ncbi.nlm.nih.gov/7378388/
524331,1979,An 11-year assessment of 93 flash-frozen homograft valves in the aortic position.,The Thoracic and cardiovascular surgeon,no ultra-high-dose-rate signature (rad signal=0),https://pubmed.ncbi.nlm.nih.gov/524331/
494353,1979,Participation of granulosa cell populations in radiation response of the follicular apparatus in the ovary of mice.,Strahlentherapie,no ultra-high-dose-rate signature (rad signal=1),https://pubmed.ncbi.nlm.nih.gov/494353/
728542,1978,Proteolysis and flash photolysis of bacteriorhodopsin in purple membrane fragments.,Biophysics of structure and mechanism,off-topic sense of 'flash': flash photolysis of,https://pubmed.ncbi.nlm.nih.gov/728542/
556622,1977,"Mepacrine, a tool for investigating the 5-hydroxytryptamine organelles of blood platelets by fluorescence microscopy.",The Journal of laboratory and clinical medicine,no ultra-high-dose-rate signature (rad signal=0),https://pubmed.ncbi.nlm.nih.gov/556622/
1203446,1975,The electric dipole moment of rhodopsin solubilized in Triton X-100.,Biophysical journal,no radiation signal + off-topic term: dielectric,https://pubmed.ncbi.nlm.nih.gov/1203446/
1082862,1975,Determination of the number of photoreactivating enzyme molecules per haploid Saccharomyces cells.,"International journal of radiation biology and related studies in physics, chemistry, and medicine",no ultra-high-dose-rate signature (rad signal=0),https://pubmed.ncbi.nlm.nih.gov/1082862/
1203851,1975,Proliferative kinetics of central nervous system (CNS) leukemia.,Cancer,no ultra-high-dose-rate signature (rad signal=1),https://pubmed.ncbi.nlm.nih.gov/1203851/
4150600,1974,Tyrosine aminotransferase induction in rat liver as a response to irradiation or flash burn injuries.,The Journal of trauma,off-topic title subject: flash burn,https://pubmed.ncbi.nlm.nih.gov/4150600/
16592030,1972,On the primary nature of fluorescence yield changes associated with photosynthesis.,Proceedings of the National Academy of Sciences of the United States of America,no ultra-high-dose-rate signature (rad signal=0),https://pubmed.ncbi.nlm.nih.gov/16592030/
5058076,1972,Effect of x-irradiation on the interaction of flash-evoked cortical potentials.,Radiation research,no ultra-high-dose-rate signature (rad signal=0),https://pubmed.ncbi.nlm.nih.gov/5058076/
20072265,1969,A streak spectrograph for the analysis of short-lived intermediates generated by flash photolysis or pulse radiolysis.,Applied optics,no ultra-high-dose-rate signature (rad signal=1),https://pubmed.ncbi.nlm.nih.gov/20072265/
17747551,1963,Photochemical Generation of the Hydrated Electron.,"Science (New York, N.Y.)",off-topic sense of 'flash': flash photolysis of,https://pubmed.ncbi.nlm.nih.gov/17747551/
16748893,1961,Studies on the flash photolysis of visual pigments. 1. Pigments present in frog-rhodopsin solutions after flash-irradiation.,The Biochemical journal,off-topic sense of 'flash': flash photolysis of,https://pubmed.ncbi.nlm.nih.gov/16748893/
12999656,1952,Effects of extreme heat and cold on human skin. III. Numerical analysis and pilot experiments on penetrating flash radiation effects.,Journal of applied physiology,curator override: manually excluded,https://pubmed.ncbi.nlm.nih.gov/12999656/
